heuristic,heuristic_label,heuristic_score,city,event_id,event_start,unit,t,intervention,target_value,target_rank_pct,delay_feasible,active_weighted_horizon,active_future_loss_share,law_exposure_term,eta_per_cost,deficit_only_score,deficit_only_rank_pct,exposure_only_score,exposure_only_rank_pct,structure_only_score,structure_only_rank_pct,origin_exposure,destination_importance,od_scarcity,baseline_objective,recoverable_fraction,reason_tags
deficit_only,Highest remaining deficit,1,Austin,482,2024-07-18 08:00:00,63,0,S,0,0.02041666667,0,1.81805645,1,0.006774787291,0.516025641,1,0.99125,0.8164251208,0.3804166667,0.3746878574,0.8554166667,0.006774787291,0.02279418415,0.4589371981,0.1898500668,0.110259057,delay_blocked;below_median_future_horizon;below_median_exposure
deficit_only,Highest remaining deficit,1,Austin,486,2024-07-23 03:00:00,63,1,R,0,0.01875,0,4.391040715,1,0.02279418415,0.138,1,0.9908333333,1,0.9870833333,0.4589371981,0.905,0.006774787291,0.02279418415,0.4589371981,0.1806597614,0.1435936695,delay_blocked;below_median_efficiency
deficit_only,Highest remaining deficit,1,Austin,488,2024-07-23 15:00:00,63,0,R,0,0.01916666667,0,4.464889016,1,0.02279418415,0.138,1,0.9916666667,1,0.9870833333,0.4589371981,0.9016666667,0.006774787291,0.02279418415,0.4589371981,0.08044947701,0.1159705655,delay_blocked;below_median_efficiency
deficit_only,Highest remaining deficit,1,Austin,490,2024-07-25 21:00:00,63,0,R,0,0.01958333333,0,4.464889016,1,0.02279418415,0.138,1,0.99125,1,0.9870833333,0.4589371981,0.9025,0.006774787291,0.02279418415,0.4589371981,0.06749221661,0.172772258,delay_blocked;below_median_efficiency
deficit_only,Highest remaining deficit,1,Austin,492,2024-07-28 09:00:00,63,1,R,0,0.02125,0,4.391040715,1,0.02279418415,0.138,1,0.9908333333,1,0.9866666667,0.4589371981,0.89875,0.006774787291,0.02279418415,0.4589371981,0.1299120167,0.1185037345,delay_blocked;below_median_efficiency
deficit_only,Highest remaining deficit,1,Chicago,157,2019-07-29 10:00:00,173,0,S,0,0.01393188854,0,1.81805645,1,0.002059347851,0.5201114872,1,0.9944272446,0.8968253968,0.2904024768,0.01423532376,0.1393188854,0.002059347851,0.005700655009,0.01587301587,0.2829050771,0.1347009082,delay_blocked;below_median_future_horizon;below_median_exposure
deficit_only,Highest remaining deficit,1,Philadelphia,645,2023-07-09 18:00:00,505,0,R,0,0.01278716948,0,3.559554682,1,0.008356878803,0.138,1,0.995882098,1,0.9934980494,0.007788161994,0.0533159948,0.004344521436,0.008356878803,0.007788161994,0.09158145415,0.1343933078,delay_blocked;below_median_efficiency
deficit_only,Highest remaining deficit,1,Philadelphia,652,2023-07-19 06:00:00,102,0,S,0,0.01159114858,0,1.81805645,1,0.0005812892562,0.5352237438,1,0.9949947313,0.05919003115,0.01949420443,0.05315117283,0.2929399368,0.0005812892562,0.002720609778,0.8979750779,0.08686271948,0.1410089263,delay_blocked;below_median_exposure
deficit_only,Highest remaining deficit,1,San Antonio,496,2024-07-18 12:00:00,57,0,R,0,0.02125,0,3.699806982,1,0.01464557653,0.138,1,0.9925,1,0.9879166667,0.01315789474,0.09083333333,0.006744911295,0.01464557653,0.01315789474,0.1142010555,0.133067066,delay_blocked;below_median_efficiency
deficit_only,Highest remaining deficit,1,San Antonio,504,2024-07-24 11:00:00,57,1,R,0,0.01333333333,0,3.66516248,1,0.01464557653,0.138,1,0.9920833333,1,0.9879166667,0.01315789474,0.09583333333,0.006744911295,0.01464557653,0.01315789474,0.06417011406,0.1283785378,delay_blocked;below_median_efficiency
deficit_only,Highest remaining deficit,1,New York,109,2019-06-18 07:00:00,1286,9,R,0.002019935119,0.4355800092,1,2.815357804,1,0.003819148904,0.138,1,0.9958734525,1,0.9933516735,0.1528350515,0.5231545163,0.001213359003,0.003819148904,0.1528350515,0.7345846597,0.1478550483,below_median_efficiency;short_remaining_window
deficit_only,Highest remaining deficit,1,New York,109,2019-06-18 07:00:00,1286,8,R,0.002610422584,0.7762494269,1,3.638371115,1,0.003819148904,0.138,1,0.9958734525,1,0.9933516735,0.1528350515,0.5231545163,0.001213359003,0.003819148904,0.1528350515,0.7345846597,0.1478550483,below_median_efficiency;short_remaining_window
deficit_only,Highest remaining deficit,1,New York,121,2019-06-25 07:00:00,1286,9,R,0.002778926864,0.4070327553,1,2.815357804,1,0.003819148904,0.138,1,0.9956647399,1,0.9930154143,0.1528350515,0.5317919075,0.001213359003,0.003819148904,0.1528350515,0.5339519264,0.1237967923,below_median_efficiency;short_remaining_window
deficit_only,Highest remaining deficit,1,New York,110,2019-06-18 13:00:00,1286,8,R,0.002851012192,0.7493579866,1,3.638371115,1,0.003819148904,0.138,1,0.9956343092,1,0.9928094504,0.1528350515,0.5241397021,0.001213359003,0.003819148904,0.1528350515,0.672594944,0.114527596,below_median_efficiency;short_remaining_window
deficit_only,Highest remaining deficit,1,New York,104,2019-06-11 05:00:00,1286,9,R,0.002885422955,0.4712245781,1,2.815357804,1,0.003819148904,0.138,1,0.996105582,1,0.9937256599,0.1528350515,0.5335352661,0.001213359003,0.003819148904,0.1528350515,0.514244662,0.1487545945,below_median_efficiency;short_remaining_window
deficit_only,Highest remaining deficit,1,New York,110,2019-06-18 13:00:00,1286,10,C,0.002957689892,0.781201849,1,1.65,1,0.003819148904,0.3156862745,1,0.9956343092,1,0.9928094504,0.1528350515,0.5241397021,0.001213359003,0.003819148904,0.1528350515,0.672594944,0.114527596,below_median_future_horizon;below_median_efficiency;short_remaining_window
deficit_only,Highest remaining deficit,1,New York,121,2019-06-25 07:00:00,1286,8,R,0.003591290322,0.7649325626,1,3.638371115,1,0.003819148904,0.138,1,0.9956647399,1,0.9930154143,0.1528350515,0.5317919075,0.001213359003,0.003819148904,0.1528350515,0.5339519264,0.1237967923,below_median_efficiency;short_remaining_window
deficit_only,Highest remaining deficit,1,New York,121,2019-06-25 07:00:00,1286,10,C,0.003725667366,0.7947976879,1,1.65,1,0.003819148904,0.3156862745,1,0.9956647399,1,0.9930154143,0.1528350515,0.5317919075,0.001213359003,0.003819148904,0.1528350515,0.5339519264,0.1237967923,below_median_future_horizon;below_median_efficiency;short_remaining_window
deficit_only,Highest remaining deficit,1,New York,104,2019-06-11 05:00:00,1286,8,R,0.003728918406,0.7888360017,1,3.638371115,1,0.003819148904,0.138,1,0.996105582,1,0.9937256599,0.1528350515,0.5335352661,0.001213359003,0.003819148904,0.1528350515,0.514244662,0.1487545945,below_median_efficiency;short_remaining_window
deficit_only,Highest remaining deficit,1,Chicago,158,2019-07-29 13:00:00,849,11,R,0.003888382535,0.2164828787,1,1,1,0.006803501208,0.138,1,0.994486361,1,0.9915844457,0,0.008995937319,0.006780866894,0.006803501208,0,0.2414585392,0.1252282371,below_median_future_horizon;below_median_efficiency;short_remaining_window
deficit_only,Highest remaining deficit,1,New York,107,2019-06-16 03:00:00,1286,9,R,0.003964221516,0.4269087523,1,2.815357804,1,0.003819148904,0.138,1,0.9958100559,1,0.9932495345,0.1528350515,0.5228119181,0.001213359003,0.003819148904,0.1528350515,0.3743013216,0.1341549552,below_median_efficiency;short_remaining_window
deficit_only,Highest remaining deficit,1,New York,103,2019-06-11 01:00:00,1286,9,R,0.004191810477,0.3995121951,1,2.815357804,1,0.003819148904,0.138,1,0.9956097561,1,0.9929268293,0.1528350515,0.5234146341,0.001213359003,0.003819148904,0.1528350515,0.3539791125,0.1360233972,below_median_efficiency;short_remaining_window
deficit_only,Highest remaining deficit,1,New York,122,2019-06-29 18:00:00,1286,8,R,0.004598638275,0.7508933129,1,3.638371115,1,0.003819148904,0.138,1,0.9956610516,1,0.9928534967,0.1528350515,0.5296069423,0.001213359003,0.003819148904,0.1528350515,0.4169878714,0.10857205,below_median_efficiency;short_remaining_window
deficit_only,Highest remaining deficit,1,New York,122,2019-06-29 18:00:00,1286,10,C,0.004770707744,0.7825421133,1,1.65,1,0.003819148904,0.3156862745,1,0.9956610516,1,0.9928534967,0.1528350515,0.5296069423,0.001213359003,0.003819148904,0.1528350515,0.4169878714,0.10857205,below_median_future_horizon;below_median_efficiency;short_remaining_window
deficit_only,Highest remaining deficit,1,New York,107,2019-06-16 03:00:00,1286,8,R,0.00512308206,0.7728119181,1,3.638371115,1,0.003819148904,0.138,1,0.9958100559,1,0.9932495345,0.1528350515,0.5228119181,0.001213359003,0.003819148904,0.1528350515,0.3743013216,0.1341549552,below_median_efficiency;short_remaining_window
deficit_only,Highest remaining deficit,1,New York,108,2019-06-16 19:00:00,1286,9,R,0.005287666475,0.4850809889,1,2.815357804,1,0.003819148904,0.138,1,0.9961636829,1,0.9936061381,0.1528350515,0.5264279625,0.001213359003,0.003819148904,0.1528350515,0.2806178036,0.1540652389,below_median_efficiency;short_remaining_window
deficit_only,Highest remaining deficit,1,New York,103,2019-06-11 01:00:00,1286,8,R,0.005417202083,0.7619512195,1,3.638371115,1,0.003819148904,0.138,1,0.9956097561,1,0.9929268293,0.1528350515,0.5234146341,0.001213359003,0.003819148904,0.1528350515,0.3539791125,0.1360233972,below_median_efficiency;short_remaining_window
deficit_only,Highest remaining deficit,1,New York,103,2019-06-11 01:00:00,1286,10,C,0.005619900149,0.792195122,1,1.65,1,0.003819148904,0.3156862745,1,0.9956097561,1,0.9929268293,0.1528350515,0.5234146341,0.001213359003,0.003819148904,0.1528350515,0.3539791125,0.1360233972,below_median_future_horizon;below_median_efficiency;short_remaining_window
deficit_only,Highest remaining deficit,1,New York,102,2019-06-10 12:00:00,1286,8,R,0.006206221706,0.7510204082,1,3.638371115,1,0.003819148904,0.138,1,0.9956632653,1,0.9928571429,0.1528350515,0.5288265306,0.001213359003,0.003819148904,0.1528350515,0.3089764556,0.1118956433,below_median_efficiency;short_remaining_window
deficit_only,Highest remaining deficit,1,Philadelphia,648,2023-07-16 04:00:00,102,9,S,0.006310915114,0.09126984127,1,1.6525,1,0.0005812892562,0.5352237438,1,0.9943310658,0.05919003115,0.01729024943,0.05315117283,0.2936507937,0.0005812892562,0.002720609778,0.8979750779,0.08146607583,0.1693919213,below_median_future_horizon;below_median_exposure;short_remaining_window
deficit_only,Highest remaining deficit,1,New York,111,2019-06-18 23:00:00,1286,8,R,0.006401090661,0.7673975214,1,3.638371115,1,0.003819148904,0.138,1,0.9959485224,1,0.9933269781,0.1528350515,0.523593899,0.001213359003,0.003819148904,0.1528350515,0.2995702587,0.1167509254,below_median_efficiency;short_remaining_window
deficit_only,Highest remaining deficit,1,New York,102,2019-06-10 12:00:00,1286,10,C,0.0064384429,0.7826530612,1,1.65,1,0.003819148904,0.3156862745,1,0.9956632653,1,0.9928571429,0.1528350515,0.5288265306,0.001213359003,0.003819148904,0.1528350515,0.3089764556,0.1118956433,below_median_future_horizon;below_median_efficiency;short_remaining_window
deficit_only,Highest remaining deficit,1,Chicago,153,2019-07-18 08:00:00,849,9,R,0.006565353572,0.4333519241,1,2.516914744,1,0.006803501208,0.138,1,0.9949804796,1,0.991912995,0,0.008644729504,0.006780866894,0.006803501208,0,0.3599332252,0.1447617086,below_median_future_horizon;below_median_efficiency;short_remaining_window
deficit_only,Highest remaining deficit,1,Dallas,61,2019-04-24 15:00:00,49,10,S,0.006595499399,0.4133333333,1,1.45,1,0.006113930949,0.5167972245,1,0.9891666667,0.9863387978,0.8804166667,0.009432201618,0.06541666667,0.006113930949,0.00868471264,0.00956284153,0.6946419693,0.05991398588,below_median_future_horizon;short_remaining_window
deficit_only,Highest remaining deficit,1,New York,111,2019-06-18 23:00:00,1286,10,C,0.006640603361,0.7969494757,1,1.65,1,0.003819148904,0.3156862745,1,0.9959485224,1,0.9933269781,0.1528350515,0.523593899,0.001213359003,0.003819148904,0.1528350515,0.2995702587,0.1167509254,below_median_future_horizon;below_median_efficiency;short_remaining_window
deficit_only,Highest remaining deficit,1,New York,108,2019-06-16 19:00:00,1286,8,R,0.006833409573,0.7919863598,1,3.638371115,1,0.003819148904,0.138,1,0.9961636829,1,0.9936061381,0.1528350515,0.5264279625,0.001213359003,0.003819148904,0.1528350515,0.2806178036,0.1540652389,below_median_efficiency;short_remaining_window
deficit_only,Highest remaining deficit,1,New York,106,2019-06-13 22:00:00,1605,10,S,0.006897545361,0.1381963681,1,1.45,1,0.0008573690678,0.517048155,1,0.9969221299,0.881443299,0.1440443213,0.08746280157,0.3865804863,0.0008573690678,0.003658028581,0.09922680412,0.0931906285,0.1475271351,below_median_future_horizon;below_median_exposure;short_remaining_window
deficit_only,Highest remaining deficit,1,New York,123,2019-06-30 15:00:00,1286,8,R,0.007025080031,0.7491002571,1,3.638371115,1,0.003819148904,0.138,1,0.9956298201,1,0.9928020566,0.1528350515,0.5236503856,0.001213359003,0.003819148904,0.1528350515,0.2729615004,0.1165328165,below_median_efficiency;short_remaining_window
deficit_only,Highest remaining deficit,1,Dallas,61,2019-04-24 15:00:00,316,8,R,0.007028860475,0.4341666667,1,3.945381166,1,0.008967634277,0.138,1,0.9891666667,1,0.9891666667,0.002732240437,0.03083333333,0.008017046364,0.008967634277,0.002732240437,0.6946419693,0.05991398588,below_median_efficiency;short_remaining_window
deficit_only,Highest remaining deficit,1,Houston,60,2019-04-18 05:00:00,349,10,R,0.007226173625,0.3816666667,1,1.899774959,1,0.01260041731,0.138,1,0.9920833333,1,0.9875,0.4096692112,0.8320833333,0.004592499238,0.01260041731,0.4096692112,0.457149008,0.09387180327,below_median_future_horizon;below_median_efficiency;short_remaining_window
exposure_only,Highest OD exposure,1,Austin,485,2024-07-22 23:00:00,16,0,S,0,0.02195526098,0,1.81805645,1,0.01514121248,0.5281537224,0.9130434783,0.7464788732,1,0.9867439934,0.01207729469,0.07166528583,0.01514121248,0.01252995145,0.01207729469,0.1053035213,0.1831544337,delay_blocked;below_median_future_horizon
exposure_only,Highest OD exposure,1,Austin,486,2024-07-23 03:00:00,63,1,R,0,0.01875,0,4.391040715,1,0.02279418415,0.138,1,0.9908333333,1,0.9870833333,0.4589371981,0.905,0.006774787291,0.02279418415,0.4589371981,0.1806597614,0.1435936695,delay_blocked;below_median_efficiency
exposure_only,Highest OD exposure,1,Austin,488,2024-07-23 15:00:00,63,0,R,0,0.01916666667,0,4.464889016,1,0.02279418415,0.138,1,0.9916666667,1,0.9870833333,0.4589371981,0.9016666667,0.006774787291,0.02279418415,0.4589371981,0.08044947701,0.1159705655,delay_blocked;below_median_efficiency
exposure_only,Highest OD exposure,1,Austin,490,2024-07-25 21:00:00,63,0,R,0,0.01958333333,0,4.464889016,1,0.02279418415,0.138,1,0.99125,1,0.9870833333,0.4589371981,0.9025,0.006774787291,0.02279418415,0.4589371981,0.06749221661,0.172772258,delay_blocked;below_median_efficiency
exposure_only,Highest OD exposure,1,Austin,491,2024-07-27 07:00:00,16,0,S,0,0.01958333333,0,1.81805645,1,0.01514121248,0.5281537224,0.9130434783,0.7458333333,1,0.9870833333,0.01207729469,0.07041666667,0.01514121248,0.01252995145,0.01207729469,0.02247193429,0.143484268,delay_blocked;below_median_future_horizon
exposure_only,Highest OD exposure,1,Austin,492,2024-07-28 09:00:00,63,1,R,0,0.02125,0,4.391040715,1,0.02279418415,0.138,1,0.9908333333,1,0.9866666667,0.4589371981,0.89875,0.006774787291,0.02279418415,0.4589371981,0.1299120167,0.1185037345,delay_blocked;below_median_efficiency
exposure_only,Highest OD exposure,1,New York,108,2019-06-16 19:00:00,1166,0,S,0,0.01065643649,0,1.81805645,1,0.003151545251,0.5296456696,0.8417525773,0.2985933504,1,0.9936061381,0,0.005754475703,0.003151545251,0.001977066977,0,0.2806178036,0.1540652389,delay_blocked;below_median_future_horizon
exposure_only,Highest OD exposure,1,Philadelphia,645,2023-07-09 18:00:00,505,0,R,0,0.01278716948,0,3.559554682,1,0.008356878803,0.138,1,0.995882098,1,0.9934980494,0.007788161994,0.0533159948,0.004344521436,0.008356878803,0.007788161994,0.09158145415,0.1343933078,delay_blocked;below_median_efficiency
exposure_only,Highest OD exposure,1,San Antonio,496,2024-07-18 12:00:00,57,0,R,0,0.02125,0,3.699806982,1,0.01464557653,0.138,1,0.9925,1,0.9879166667,0.01315789474,0.09083333333,0.006744911295,0.01464557653,0.01315789474,0.1142010555,0.133067066,delay_blocked;below_median_efficiency
exposure_only,Highest OD exposure,1,San Antonio,503,2024-07-24 09:00:00,1,0,S,0,0.01791666667,0,1.81805645,1,0.0101619414,0.5284934213,0.9309210526,0.745,1,0.9879166667,0.003289473684,0.03875,0.0101619414,0.007884419312,0.003289473684,0.0637757722,0.1339534857,delay_blocked;below_median_future_horizon
exposure_only,Highest OD exposure,1,San Antonio,504,2024-07-24 11:00:00,57,1,R,0,0.01333333333,0,3.66516248,1,0.01464557653,0.138,1,0.9920833333,1,0.9879166667,0.01315789474,0.09583333333,0.006744911295,0.01464557653,0.01315789474,0.06417011406,0.1283785378,delay_blocked;below_median_efficiency
exposure_only,Highest OD exposure,1,New York,109,2019-06-18 07:00:00,1286,9,R,0.002019935119,0.4355800092,1,2.815357804,1,0.003819148904,0.138,1,0.9958734525,1,0.9933516735,0.1528350515,0.5231545163,0.001213359003,0.003819148904,0.1528350515,0.7345846597,0.1478550483,below_median_efficiency;short_remaining_window
exposure_only,Highest OD exposure,1,New York,109,2019-06-18 07:00:00,1166,11,S,0.002272307586,0.6180651077,1,1,1,0.003151545251,0.5296456696,0.8412371134,0.3044475011,1,0.9933516735,0,0.005960568547,0.003151545251,0.001977066977,0,0.7345846597,0.1478550483,below_median_future_horizon;short_remaining_window
exposure_only,Highest OD exposure,1,New York,110,2019-06-18 13:00:00,1166,11,S,0.002481734823,0.572162301,1,1,1,0.003151545251,0.5296456696,0.8402061856,0.3248587571,1,0.9928094504,0,0.006420133539,0.003151545251,0.001977066977,0,0.672594944,0.114527596,below_median_future_horizon;short_remaining_window
exposure_only,Highest OD exposure,1,New York,109,2019-06-18 07:00:00,1286,8,R,0.002610422584,0.7762494269,1,3.638371115,1,0.003819148904,0.138,1,0.9958734525,1,0.9933516735,0.1528350515,0.5231545163,0.001213359003,0.003819148904,0.1528350515,0.7345846597,0.1478550483,below_median_efficiency;short_remaining_window
exposure_only,Highest OD exposure,1,New York,121,2019-06-25 07:00:00,1286,9,R,0.002778926864,0.4070327553,1,2.815357804,1,0.003819148904,0.138,1,0.9956647399,1,0.9930154143,0.1528350515,0.5317919075,0.001213359003,0.003819148904,0.1528350515,0.5339519264,0.1237967923,below_median_efficiency;short_remaining_window
exposure_only,Highest OD exposure,1,New York,110,2019-06-18 13:00:00,1286,8,R,0.002851012192,0.7493579866,1,3.638371115,1,0.003819148904,0.138,1,0.9956343092,1,0.9928094504,0.1528350515,0.5241397021,0.001213359003,0.003819148904,0.1528350515,0.672594944,0.114527596,below_median_efficiency;short_remaining_window
exposure_only,Highest OD exposure,1,New York,104,2019-06-11 05:00:00,1286,9,R,0.002885422955,0.4712245781,1,2.815357804,1,0.003819148904,0.138,1,0.996105582,1,0.9937256599,0.1528350515,0.5335352661,0.001213359003,0.003819148904,0.1528350515,0.514244662,0.1487545945,below_median_efficiency;short_remaining_window
exposure_only,Highest OD exposure,1,New York,110,2019-06-18 13:00:00,1286,10,C,0.002957689892,0.781201849,1,1.65,1,0.003819148904,0.3156862745,1,0.9956343092,1,0.9928094504,0.1528350515,0.5241397021,0.001213359003,0.003819148904,0.1528350515,0.672594944,0.114527596,below_median_future_horizon;below_median_efficiency;short_remaining_window
exposure_only,Highest OD exposure,1,New York,121,2019-06-25 07:00:00,1166,11,S,0.003126128425,0.5987475915,1,1,1,0.003151545251,0.5296456696,0.8407216495,0.3082851638,1,0.9930154143,0,0.006262042389,0.003151545251,0.001977066977,0,0.5339519264,0.1237967923,below_median_future_horizon;short_remaining_window
exposure_only,Highest OD exposure,1,New York,104,2019-06-11 05:00:00,1166,11,S,0.003245930231,0.6399826915,1,1,1,0.003151545251,0.5296456696,0.8412371134,0.3054954565,1,0.9937256599,0,0.005841627001,0.003151545251,0.001977066977,0,0.514244662,0.1487545945,below_median_future_horizon;short_remaining_window
exposure_only,Highest OD exposure,1,Philadelphia,658,2023-07-29 09:00:00,505,4,S,0.003450069922,0.1551226551,1,0.03049327266,0.375,0.004344521436,0.516025641,0.9735202492,0.8921356421,1,0.9953102453,0.007788161994,0.04220779221,0.004344521436,0.008356878803,0.007788161994,0.0198147851,0.126623227,below_median_future_horizon;below_median_efficiency
exposure_only,Highest OD exposure,1,New York,121,2019-06-25 07:00:00,1286,8,R,0.003591290322,0.7649325626,1,3.638371115,1,0.003819148904,0.138,1,0.9956647399,1,0.9930154143,0.1528350515,0.5317919075,0.001213359003,0.003819148904,0.1528350515,0.5339519264,0.1237967923,below_median_efficiency;short_remaining_window
exposure_only,Highest OD exposure,1,New York,121,2019-06-25 07:00:00,1286,10,C,0.003725667366,0.7947976879,1,1.65,1,0.003819148904,0.3156862745,1,0.9956647399,1,0.9930154143,0.1528350515,0.5317919075,0.001213359003,0.003819148904,0.1528350515,0.5339519264,0.1237967923,below_median_future_horizon;below_median_efficiency;short_remaining_window
exposure_only,Highest OD exposure,1,New York,104,2019-06-11 05:00:00,1286,8,R,0.003728918406,0.7888360017,1,3.638371115,1,0.003819148904,0.138,1,0.996105582,1,0.9937256599,0.1528350515,0.5335352661,0.001213359003,0.003819148904,0.1528350515,0.514244662,0.1487545945,below_median_efficiency;short_remaining_window
exposure_only,Highest OD exposure,1,Chicago,158,2019-07-29 13:00:00,849,11,R,0.003888382535,0.2164828787,1,1,1,0.006803501208,0.138,1,0.994486361,1,0.9915844457,0,0.008995937319,0.006780866894,0.006803501208,0,0.2414585392,0.1252282371,below_median_future_horizon;below_median_efficiency;short_remaining_window
exposure_only,Highest OD exposure,1,New York,107,2019-06-16 03:00:00,1286,9,R,0.003964221516,0.4269087523,1,2.815357804,1,0.003819148904,0.138,1,0.9958100559,1,0.9932495345,0.1528350515,0.5228119181,0.001213359003,0.003819148904,0.1528350515,0.3743013216,0.1341549552,below_median_efficiency;short_remaining_window
exposure_only,Highest OD exposure,1,New York,122,2019-06-29 18:00:00,1166,11,S,0.004002999629,0.5747830526,1,1,1,0.003151545251,0.5296456696,0.8407216495,0.32618683,1,0.9928534967,0,0.006380806534,0.003151545251,0.001977066977,0,0.4169878714,0.10857205,below_median_future_horizon;short_remaining_window
exposure_only,Highest OD exposure,1,New York,103,2019-06-11 01:00:00,1286,9,R,0.004191810477,0.3995121951,1,2.815357804,1,0.003819148904,0.138,1,0.9956097561,1,0.9929268293,0.1528350515,0.5234146341,0.001213359003,0.003819148904,0.1528350515,0.3539791125,0.1360233972,below_median_efficiency;short_remaining_window
exposure_only,Highest OD exposure,1,New York,107,2019-06-16 03:00:00,1166,11,S,0.00445951483,0.6121973929,1,1,1,0.003151545251,0.5296456696,0.8412371134,0.3012104283,1,0.9932495345,0,0.006052141527,0.003151545251,0.001977066977,0,0.3743013216,0.1341549552,below_median_future_horizon;short_remaining_window
exposure_only,Highest OD exposure,1,New York,122,2019-06-29 18:00:00,1286,8,R,0.004598638275,0.7508933129,1,3.638371115,1,0.003819148904,0.138,1,0.9956610516,1,0.9928534967,0.1528350515,0.5296069423,0.001213359003,0.003819148904,0.1528350515,0.4169878714,0.10857205,below_median_efficiency;short_remaining_window
exposure_only,Highest OD exposure,1,New York,103,2019-06-11 01:00:00,1166,11,S,0.004715538956,0.5936585366,1,1,1,0.003151545251,0.5296456696,0.8412371134,0.3146341463,1,0.9929268293,0,0.006341463415,0.003151545251,0.001977066977,0,0.3539791125,0.1360233972,below_median_future_horizon;short_remaining_window
exposure_only,Highest OD exposure,1,New York,122,2019-06-29 18:00:00,1286,10,C,0.004770707744,0.7825421133,1,1.65,1,0.003819148904,0.3156862745,1,0.9956610516,1,0.9928534967,0.1528350515,0.5296069423,0.001213359003,0.003819148904,0.1528350515,0.4169878714,0.10857205,below_median_future_horizon;below_median_efficiency;short_remaining_window
exposure_only,Highest OD exposure,1,New York,107,2019-06-16 03:00:00,1286,8,R,0.00512308206,0.7728119181,1,3.638371115,1,0.003819148904,0.138,1,0.9958100559,1,0.9932495345,0.1528350515,0.5228119181,0.001213359003,0.003819148904,0.1528350515,0.3743013216,0.1341549552,below_median_efficiency;short_remaining_window
exposure_only,Highest OD exposure,1,New York,108,2019-06-16 19:00:00,1286,9,R,0.005287666475,0.4850809889,1,2.815357804,1,0.003819148904,0.138,1,0.9961636829,1,0.9936061381,0.1528350515,0.5264279625,0.001213359003,0.003819148904,0.1528350515,0.2806178036,0.1540652389,below_median_efficiency;short_remaining_window
exposure_only,Highest OD exposure,1,New York,102,2019-06-10 12:00:00,1166,11,S,0.005402360808,0.575,1,1,1,0.003151545251,0.5296456696,0.8402061856,0.3265306122,1,0.9928571429,0,0.00637755102,0.003151545251,0.001977066977,0,0.3089764556,0.1118956433,below_median_future_horizon;short_remaining_window
exposure_only,Highest OD exposure,1,New York,103,2019-06-11 01:00:00,1286,8,R,0.005417202083,0.7619512195,1,3.638371115,1,0.003819148904,0.138,1,0.9956097561,1,0.9929268293,0.1528350515,0.5234146341,0.001213359003,0.003819148904,0.1528350515,0.3539791125,0.1360233972,below_median_efficiency;short_remaining_window
exposure_only,Highest OD exposure,1,New York,111,2019-06-18 23:00:00,1166,11,S,0.005571989361,0.6039084843,1,1,1,0.003151545251,0.5296456696,0.8402061856,0.3050524309,1,0.9933269781,0,0.006196377502,0.003151545251,0.001977066977,0,0.2995702587,0.1167509254,below_median_future_horizon;short_remaining_window
exposure_only,Highest OD exposure,1,New York,103,2019-06-11 01:00:00,1286,10,C,0.005619900149,0.792195122,1,1.65,1,0.003819148904,0.3156862745,1,0.9956097561,1,0.9929268293,0.1528350515,0.5234146341,0.001213359003,0.003819148904,0.1528350515,0.3539791125,0.1360233972,below_median_future_horizon;below_median_efficiency;short_remaining_window
exposure_only,Highest OD exposure,1,New York,108,2019-06-16 19:00:00,1166,11,S,0.005948312164,0.6470588235,1,1,1,0.003151545251,0.5296456696,0.8417525773,0.2985933504,1,0.9936061381,0,0.005754475703,0.003151545251,0.001977066977,0,0.2806178036,0.1540652389,below_median_future_horizon;short_remaining_window
structure_only,Highest structural bottleneck,0.9494972898,New York,109,2019-06-18 07:00:00,57,7,C,0.001827731491,0.2407152682,1,2.52563125,1,0.00163372499,0.3253908636,0.9634020619,0.5034387895,0.9634020619,0.331040807,0.9494972898,0.9977074736,0.0001795264023,0.00163372499,0.9855670103,0.7345846597,0.1478550483,below_median_future_horizon;below_median_exposure;short_remaining_window
structure_only,Highest structural bottleneck,0.9494972898,New York,109,2019-06-18 07:00:00,57,4,R,0.001906547717,0.3328748281,1,6.026731461,1,0.00163372499,0.1422422918,0.9634020619,0.5034387895,0.9634020619,0.331040807,0.9494972898,0.9977074736,0.0001795264023,0.00163372499,0.9855670103,0.7345846597,0.1478550483,below_median_exposure;below_median_efficiency
structure_only,Highest structural bottleneck,0.9494972898,New York,109,2019-06-18 07:00:00,57,6,C,0.001911698607,0.3388353966,1,2.641660312,1,0.00163372499,0.3253908636,0.9634020619,0.5034387895,0.9634020619,0.331040807,0.9494972898,0.9977074736,0.0001795264023,0.00163372499,0.9855670103,0.7345846597,0.1478550483,below_median_future_horizon;below_median_exposure;short_remaining_window
structure_only,Highest structural bottleneck,0.9494972898,New York,109,2019-06-18 07:00:00,57,5,C,0.001966277232,0.3952315452,1,2.717079203,1,0.00163372499,0.3253908636,0.9634020619,0.5034387895,0.9634020619,0.331040807,0.9494972898,0.9977074736,0.0001795264023,0.00163372499,0.9855670103,0.7345846597,0.1478550483,below_median_future_horizon;below_median_exposure
structure_only,Highest structural bottleneck,0.9494972898,New York,109,2019-06-18 07:00:00,57,4,C,0.002001753338,0.4204493352,1,2.766101482,1,0.00163372499,0.3253908636,0.9634020619,0.5034387895,0.9634020619,0.331040807,0.9494972898,0.9977074736,0.0001795264023,0.00163372499,0.9855670103,0.7345846597,0.1478550483,below_median_future_horizon;below_median_exposure
structure_only,Highest structural bottleneck,0.9494972898,New York,109,2019-06-18 07:00:00,57,3,C,0.002024812807,0.4415405777,1,2.797965963,1,0.00163372499,0.3253908636,0.9634020619,0.5034387895,0.9634020619,0.331040807,0.9494972898,0.9977074736,0.0001795264023,0.00163372499,0.9855670103,0.7345846597,0.1478550483,below_median_exposure
structure_only,Highest structural bottleneck,0.9494972898,New York,109,2019-06-18 07:00:00,57,2,C,0.002039801462,0.4552957359,1,2.818677876,1,0.00163372499,0.3253908636,0.9634020619,0.5034387895,0.9634020619,0.331040807,0.9494972898,0.9977074736,0.0001795264023,0.00163372499,0.9855670103,0.7345846597,0.1478550483,below_median_exposure
structure_only,Highest structural bottleneck,0.9494972898,New York,109,2019-06-18 07:00:00,57,1,C,0.002049544088,0.4617148097,1,2.83214062,1,0.00163372499,0.3253908636,0.9634020619,0.5034387895,0.9634020619,0.331040807,0.9494972898,0.9977074736,0.0001795264023,0.00163372499,0.9855670103,0.7345846597,0.1478550483,below_median_exposure
structure_only,Highest structural bottleneck,0.9494972898,New York,109,2019-06-18 07:00:00,57,0,C,0.002055876795,0.4676753783,1,2.840891403,1,0.00163372499,0.3253908636,0.9634020619,0.5034387895,0.9634020619,0.331040807,0.9494972898,0.9977074736,0.0001795264023,0.00163372499,0.9855670103,0.7345846597,0.1478550483,below_median_exposure
structure_only,Highest structural bottleneck,0.9494972898,New York,109,2019-06-18 07:00:00,57,3,R,0.002064883346,0.4768454837,1,6.527241526,1,0.00163372499,0.1422422918,0.9634020619,0.5034387895,0.9634020619,0.331040807,0.9494972898,0.9977074736,0.0001795264023,0.00163372499,0.9855670103,0.7345846597,0.1478550483,below_median_exposure;below_median_efficiency
structure_only,Highest structural bottleneck,0.9494972898,New York,110,2019-06-18 13:00:00,57,6,C,0.002087890316,0.2619414484,1,2.641660312,1,0.00163372499,0.3253908636,0.9634020619,0.4745762712,0.9634020619,0.3050847458,0.9494972898,0.9979455573,0.0001795264023,0.00163372499,0.9855670103,0.672594944,0.114527596,below_median_future_horizon;below_median_exposure;short_remaining_window
structure_only,Highest structural bottleneck,0.9494972898,New York,110,2019-06-18 13:00:00,57,5,C,0.002147499181,0.324088341,1,2.717079203,1,0.00163372499,0.3253908636,0.9634020619,0.4745762712,0.9634020619,0.3050847458,0.9494972898,0.9979455573,0.0001795264023,0.00163372499,0.9855670103,0.672594944,0.114527596,below_median_future_horizon;below_median_exposure
structure_only,Highest structural bottleneck,0.9494972898,New York,110,2019-06-18 13:00:00,57,4,C,0.002186244943,0.3513097072,1,2.766101482,1,0.00163372499,0.3253908636,0.9634020619,0.4745762712,0.9634020619,0.3050847458,0.9494972898,0.9979455573,0.0001795264023,0.00163372499,0.9855670103,0.672594944,0.114527596,below_median_future_horizon;below_median_exposure
structure_only,Highest structural bottleneck,0.9494972898,New York,109,2019-06-18 07:00:00,57,2,R,0.002210096266,0.5800091701,1,6.98626978,1,0.00163372499,0.1422422918,0.9634020619,0.5034387895,0.9634020619,0.331040807,0.9494972898,0.9977074736,0.0001795264023,0.00163372499,0.9855670103,0.7345846597,0.1478550483,below_median_exposure;below_median_efficiency
structure_only,Highest structural bottleneck,0.9494972898,New York,110,2019-06-18 13:00:00,57,3,C,0.002211429688,0.374422188,1,2.797965963,1,0.00163372499,0.3253908636,0.9634020619,0.4745762712,0.9634020619,0.3050847458,0.9494972898,0.9979455573,0.0001795264023,0.00163372499,0.9855670103,0.672594944,0.114527596,below_median_exposure
structure_only,Highest structural bottleneck,0.9494972898,New York,110,2019-06-18 13:00:00,57,2,C,0.002227799772,0.3898305085,1,2.818677876,1,0.00163372499,0.3253908636,0.9634020619,0.4745762712,0.9634020619,0.3050847458,0.9494972898,0.9979455573,0.0001795264023,0.00163372499,0.9855670103,0.672594944,0.114527596,below_median_exposure
structure_only,Highest structural bottleneck,0.9494972898,New York,110,2019-06-18 13:00:00,57,1,C,0.002238440327,0.397021058,1,2.83214062,1,0.00163372499,0.3253908636,0.9634020619,0.4745762712,0.9634020619,0.3050847458,0.9494972898,0.9979455573,0.0001795264023,0.00163372499,0.9855670103,0.672594944,0.114527596,below_median_exposure
structure_only,Highest structural bottleneck,0.9494972898,New York,110,2019-06-18 13:00:00,57,0,C,0.002245356688,0.4036979969,1,2.840891403,1,0.00163372499,0.3253908636,0.9634020619,0.4745762712,0.9634020619,0.3050847458,0.9494972898,0.9979455573,0.0001795264023,0.00163372499,0.9855670103,0.672594944,0.114527596,below_median_exposure
structure_only,Highest structural bottleneck,0.9494972898,New York,110,2019-06-18 13:00:00,57,3,R,0.002255193328,0.4139702106,1,6.527241526,1,0.00163372499,0.1422422918,0.9634020619,0.4745762712,0.9634020619,0.3050847458,0.9494972898,0.9979455573,0.0001795264023,0.00163372499,0.9855670103,0.672594944,0.114527596,below_median_exposure;below_median_efficiency
structure_only,Highest structural bottleneck,0.9494972898,New York,110,2019-06-18 13:00:00,57,2,R,0.002413789797,0.5295326143,1,6.98626978,1,0.00163372499,0.1422422918,0.9634020619,0.4745762712,0.9634020619,0.3050847458,0.9494972898,0.9979455573,0.0001795264023,0.00163372499,0.9855670103,0.672594944,0.114527596,below_median_exposure;below_median_efficiency
structure_only,Highest structural bottleneck,0.9494972898,New York,105,2019-06-13 08:00:00,57,9,R,0.002502239084,0.2132280355,1,2.758231713,1,0.00163372499,0.1422422918,0.9634020619,0.4876604146,0.9634020619,0.3181145114,0.9494972898,0.9975320829,0.0001795264023,0.00163372499,0.9855670103,0.2561590109,0.09878326619,below_median_future_horizon;below_median_exposure;below_median_efficiency;short_remaining_window
structure_only,Highest structural bottleneck,0.9494972898,New York,104,2019-06-11 05:00:00,57,7,C,0.002610865245,0.2907832107,1,2.52563125,1,0.00163372499,0.3253908636,0.9634020619,0.529208135,0.9634020619,0.3470359152,0.9494972898,0.9978364344,0.0001795264023,0.00163372499,0.9855670103,0.514244662,0.1487545945,below_median_future_horizon;below_median_exposure;short_remaining_window
structure_only,Highest structural bottleneck,0.9494972898,New York,121,2019-06-25 07:00:00,57,4,R,0.002622934082,0.299132948,1,6.026731461,1,0.00163372499,0.1422422918,0.9634020619,0.491088632,0.9634020619,0.3205684008,0.9494972898,0.9978323699,0.0001795264023,0.00163372499,0.9855670103,0.5339519264,0.1237967923,below_median_exposure;below_median_efficiency
structure_only,Highest structural bottleneck,0.9494972898,New York,121,2019-06-25 07:00:00,57,6,C,0.002630020421,0.3053949904,1,2.641660312,1,0.00163372499,0.3253908636,0.9634020619,0.491088632,0.9634020619,0.3205684008,0.9494972898,0.9978323699,0.0001795264023,0.00163372499,0.9855670103,0.5339519264,0.1237967923,below_median_future_horizon;below_median_exposure;short_remaining_window
structure_only,Highest structural bottleneck,0.9494972898,New York,121,2019-06-25 07:00:00,57,5,C,0.002705106995,0.3646435453,1,2.717079203,1,0.00163372499,0.3253908636,0.9634020619,0.491088632,0.9634020619,0.3205684008,0.9494972898,0.9978323699,0.0001795264023,0.00163372499,0.9855670103,0.5339519264,0.1237967923,below_median_future_horizon;below_median_exposure
structure_only,Highest structural bottleneck,0.9494972898,New York,104,2019-06-11 05:00:00,57,4,R,0.002723452102,0.3768931199,1,6.026731461,1,0.00163372499,0.1422422918,0.9634020619,0.529208135,0.9634020619,0.3470359152,0.9494972898,0.9978364344,0.0001795264023,0.00163372499,0.9855670103,0.514244662,0.1487545945,below_median_exposure;below_median_efficiency
structure_only,Highest structural bottleneck,0.9494972898,New York,104,2019-06-11 05:00:00,57,6,C,0.00273081001,0.3825183903,1,2.641660312,1,0.00163372499,0.3253908636,0.9634020619,0.529208135,0.9634020619,0.3470359152,0.9494972898,0.9978364344,0.0001795264023,0.00163372499,0.9855670103,0.514244662,0.1487545945,below_median_future_horizon;below_median_exposure;short_remaining_window
structure_only,Highest structural bottleneck,0.9494972898,New York,121,2019-06-25 07:00:00,57,4,C,0.002753913269,0.3911368015,1,2.766101482,1,0.00163372499,0.3253908636,0.9634020619,0.491088632,0.9634020619,0.3205684008,0.9494972898,0.9978323699,0.0001795264023,0.00163372499,0.9855670103,0.5339519264,0.1237967923,below_median_future_horizon;below_median_exposure
structure_only,Highest structural bottleneck,0.9494972898,New York,121,2019-06-25 07:00:00,57,3,C,0.002785637346,0.4132947977,1,2.797965963,1,0.00163372499,0.3253908636,0.9634020619,0.491088632,0.9634020619,0.3205684008,0.9494972898,0.9978323699,0.0001795264023,0.00163372499,0.9855670103,0.5339519264,0.1237967923,below_median_exposure
structure_only,Highest structural bottleneck,0.9494972898,New York,121,2019-06-25 07:00:00,57,2,C,0.002806257996,0.4277456647,1,2.818677876,1,0.00163372499,0.3253908636,0.9634020619,0.491088632,0.9634020619,0.3205684008,0.9494972898,0.9978323699,0.0001795264023,0.00163372499,0.9855670103,0.5339519264,0.1237967923,below_median_exposure
structure_only,Highest structural bottleneck,0.9494972898,New York,104,2019-06-11 05:00:00,57,5,C,0.002808774107,0.4348766768,1,2.717079203,1,0.00163372499,0.3253908636,0.9634020619,0.529208135,0.9634020619,0.3470359152,0.9494972898,0.9978364344,0.0001795264023,0.00163372499,0.9855670103,0.514244662,0.1487545945,below_median_future_horizon;below_median_exposure
structure_only,Highest structural bottleneck,0.9494972898,New York,121,2019-06-25 07:00:00,57,1,C,0.002819661419,0.4344894027,1,2.83214062,1,0.00163372499,0.3253908636,0.9634020619,0.491088632,0.9634020619,0.3205684008,0.9494972898,0.9978323699,0.0001795264023,0.00163372499,0.9855670103,0.5339519264,0.1237967923,below_median_exposure
structure_only,Highest structural bottleneck,0.9494972898,New York,121,2019-06-25 07:00:00,57,0,C,0.002828373644,0.4407514451,1,2.840891403,1,0.00163372499,0.3253908636,0.9634020619,0.491088632,0.9634020619,0.3205684008,0.9494972898,0.9978323699,0.0001795264023,0.00163372499,0.9855670103,0.5339519264,0.1237967923,below_median_exposure
structure_only,Highest structural bottleneck,0.9494972898,New York,121,2019-06-25 07:00:00,57,3,R,0.002840764413,0.4503853565,1,6.527241526,1,0.00163372499,0.1422422918,0.9634020619,0.491088632,0.9634020619,0.3205684008,0.9494972898,0.9978323699,0.0001795264023,0.00163372499,0.9855670103,0.5339519264,0.1237967923,below_median_exposure;below_median_efficiency
structure_only,Highest structural bottleneck,0.9494972898,New York,104,2019-06-11 05:00:00,57,4,C,0.00285945077,0.4573777585,1,2.766101482,1,0.00163372499,0.3253908636,0.9634020619,0.529208135,0.9634020619,0.3470359152,0.9494972898,0.9978364344,0.0001795264023,0.00163372499,0.9855670103,0.514244662,0.1487545945,below_median_future_horizon;below_median_exposure
structure_only,Highest structural bottleneck,0.9494972898,New York,104,2019-06-11 05:00:00,57,3,C,0.002892390601,0.4768498486,1,2.797965963,1,0.00163372499,0.3253908636,0.9634020619,0.529208135,0.9634020619,0.3470359152,0.9494972898,0.9978364344,0.0001795264023,0.00163372499,0.9855670103,0.514244662,0.1487545945,below_median_exposure
structure_only,Highest structural bottleneck,0.9494972898,New York,104,2019-06-11 05:00:00,57,2,C,0.002913801491,0.4898312419,1,2.818677876,1,0.00163372499,0.3253908636,0.9634020619,0.529208135,0.9634020619,0.3470359152,0.9494972898,0.9978364344,0.0001795264023,0.00163372499,0.9855670103,0.514244662,0.1487545945,below_median_exposure
structure_only,Highest structural bottleneck,0.9494972898,New York,104,2019-06-11 05:00:00,57,1,C,0.00292771857,0.4954565123,1,2.83214062,1,0.00163372499,0.3253908636,0.9634020619,0.529208135,0.9634020619,0.3470359152,0.9494972898,0.9978364344,0.0001795264023,0.00163372499,0.9855670103,0.514244662,0.1487545945,below_median_exposure
structure_only,Highest structural bottleneck,0.9494972898,New York,104,2019-06-11 05:00:00,57,0,C,0.002936764671,0.5010817828,1,2.840891403,1,0.00163372499,0.3253908636,0.9634020619,0.529208135,0.9634020619,0.3470359152,0.9494972898,0.9978364344,0.0001795264023,0.00163372499,0.9855670103,0.514244662,0.1487545945,below_median_exposure
structure_only,Highest structural bottleneck,0.9494972898,New York,104,2019-06-11 05:00:00,57,3,R,0.002949630288,0.509736045,1,6.527241526,1,0.00163372499,0.1422422918,0.9634020619,0.529208135,0.9634020619,0.3470359152,0.9494972898,0.9978364344,0.0001795264023,0.00163372499,0.9855670103,0.514244662,0.1487545945,below_median_exposure;below_median_efficiency
