city,event_id,unit,t,intervention,lp_cost,greedy_cost,absolute_cost_difference,allocation_preference,marginal_resource_value,finite_deficit_area_value,active_weighted_horizon,origin_exposure_rank,destination_importance_rank,local_remaining_rank,access_remaining_rank,eta_per_cost_rank
Chicago,152,849,2,R,0,0.01975240304,0.01975240304,greedy_more,0.2098958641,0.001206551563,4.956056604,1,1,1,0.9931972789,0.001133786848
Chicago,152,849,3,R,0,0.01975240304,0.01975240304,greedy_more,0.2020425454,0.001185213712,4.770624212,1,1,1,0.9931972789,0.001133786848
Chicago,152,849,4,R,0,0.01975240304,0.01975240304,greedy_more,0.1925721974,0.001167519224,4.547010562,1,1,1,0.9931972789,0.001133786848
Chicago,152,849,5,R,0,0.01975240304,0.01975240304,greedy_more,0.1811518676,0.00115284601,4.277353981,1,1,1,0.9931972789,0.001133786848
Chicago,152,411,2,R,0,0.01959819015,0.01959819015,greedy_more,0.2055913647,0.001175653118,4.94379873,0.9988662132,0.9977324263,0.9988662132,0.9977324263,0.002267573696
Chicago,152,411,3,R,0,0.01959819015,0.01959819015,greedy_more,0.1979364171,0.001154896477,4.759722322,0.9988662132,0.9977324263,0.9988662132,0.9977324263,0.002267573696
Chicago,152,411,4,R,0,0.01959819015,0.01959819015,greedy_more,0.1886977548,0.001137697993,4.537562763,0.9988662132,0.9977324263,0.9988662132,0.9977324263,0.002267573696
Chicago,152,411,5,R,0,0.01959819015,0.01959819015,greedy_more,0.1775477266,0.001123447715,4.269441115,0.9988662132,0.9977324263,0.9988662132,0.9977324263,0.002267573696
Chicago,152,719,2,R,0,0.0195970825,0.0195970825,greedy_more,0.2057386682,0.00117645111,4.943710806,0.9897959184,0.9988662132,0.9977324263,0.9523809524,0.003401360544
Chicago,152,719,3,R,0,0.0195970825,0.0195970825,greedy_more,0.1980785039,0.001155680631,4.75964411,0.9897959184,0.9988662132,0.9977324263,0.9523809524,0.003401360544
Chicago,152,719,4,R,0,0.0195970825,0.0195970825,greedy_more,0.1888334914,0.00113847078,4.537494969,0.9897959184,0.9988662132,0.9977324263,0.9523809524,0.003401360544
Chicago,152,719,5,R,0,0.0195970825,0.0195970825,greedy_more,0.1776757337,0.001124211169,4.269384323,0.9897959184,0.9988662132,0.9977324263,0.9523809524,0.003401360544
Chicago,152,463,2,R,0,0.01906182489,0.01906182489,greedy_more,0.1903899414,0.001068681841,4.901418982,0.8866213152,0.9965986395,0.9965986395,0.9965986395,0.004535147392
Chicago,152,463,3,R,0,0.01906182489,0.01906182489,greedy_more,0.1834205921,0.001049924164,4.721999309,0.8866213152,0.9965986395,0.9965986395,0.9965986395,0.004535147392
Chicago,152,463,4,R,0,0.01906182489,0.01906182489,greedy_more,0.1749853887,0.001034426161,4.504842532,0.8866213152,0.9965986395,0.9965986395,0.9965986395,0.004535147392
Chicago,152,463,5,R,0,0.01906182489,0.01906182489,greedy_more,0.16477602,0.001021621373,4.242011455,0.8866213152,0.9965986395,0.9965986395,0.9965986395,0.004535147392
Chicago,152,849,6,R,0.001009627671,0.01975240304,0.01874277537,greedy_more,0.167380047,0.001140678196,3.952174051,1,1,1,0.9931972789,0.001133786848
Chicago,152,700,2,R,0,0.01865815604,0.01865815604,greedy_more,0.179120918,0.0009910205849,4.869780853,0.8843537415,0.9954648526,0.9954648526,0.9897959184,0.00566893424
Chicago,152,700,3,R,0,0.01865815604,0.01865815604,greedy_more,0.1726481764,0.0009737034238,4.693805688,0.8843537415,0.9954648526,0.9954648526,0.9897959184,0.00566893424
Chicago,152,700,4,R,0,0.01865815604,0.01865815604,greedy_more,0.1647971397,0.0009594263908,4.480358658,0.8843537415,0.9954648526,0.9954648526,0.9897959184,0.00566893424
Chicago,154,849,3,R,0,0.01826086957,0.01826086957,greedy_more,0.186252207,0.0007862464871,4.770624212,1,1,1,0.9931972789,0.001133786848
Chicago,154,849,4,R,0,0.01826086957,0.01826086957,greedy_more,0.1775220002,0.000686284586,4.547010562,1,1,1,0.9931972789,0.001133786848
Chicago,154,411,3,R,0,0.01824421102,0.01824421102,greedy_more,0.1824669872,0.0007642779261,4.759722322,0.9988662132,0.9977324263,0.9988662132,0.9988662132,0.002267573696
Chicago,154,411,4,R,0,0.01824421102,0.01824421102,greedy_more,0.173950359,0.0006670870407,4.537562763,0.9988662132,0.9977324263,0.9988662132,0.9988662132,0.002267573696
Chicago,154,719,3,R,0,0.01824409092,0.01824409092,greedy_more,0.1825979695,0.0007647835349,4.75964411,0.9897959184,0.9988662132,0.9977324263,0.9546485261,0.003401360544
Chicago,154,719,4,R,0,0.01824409092,0.01824409092,greedy_more,0.1740754873,0.0006675281973,4.537494969,0.9897959184,0.9988662132,0.9977324263,0.9546485261,0.003401360544
Chicago,154,463,3,R,0,0.01818529429,0.01818529429,greedy_more,0.1690856252,0.0006889844435,4.721999309,0.8866213152,0.9965986395,0.9965986395,0.9965986395,0.004535147392
Chicago,154,463,2,R,0.004792756173,0.01818529429,0.01339253812,greedy_more,0.1755102952,0.000795105456,4.901418982,0.8866213152,0.9965986395,0.9965986395,0.9965986395,0.004535147392
Chicago,154,719,2,R,0.005503048455,0.01824409092,0.01274104247,greedy_more,0.1896594649,0.0008821604972,4.943710806,0.9897959184,0.9988662132,0.9977324263,0.9546485261,0.003401360544
Chicago,154,411,2,R,0.005504529456,0.01824421102,0.01273968156,greedy_more,0.1895236736,0.0008815764138,4.94379873,0.9988662132,0.9977324263,0.9988662132,0.9988662132,0.002267573696
Chicago,154,849,2,R,0.005711172166,0.01826086957,0.0125496974,greedy_more,0.1934917612,0.0009067909366,4.956056604,1,1,1,0.9931972789,0.001133786848
Chicago,154,849,5,R,0,0.009130434783,0.009130434783,greedy_more,0.1669942095,0.0006033908343,4.277353981,1,1,1,0.9931972789,0.001133786848
Chicago,154,849,6,R,0,0.009130434783,0.009130434783,greedy_more,0.1542987053,0.0005346509044,3.952174051,1,1,1,0.9931972789,0.001133786848
Chicago,154,849,7,R,0,0.009130434783,0.009130434783,greedy_more,0.1389891469,0.0004776480801,3.560038295,1,1,1,0.9931972789,0.001133786848
Chicago,154,849,8,R,0,0.009130434783,0.009130434783,greedy_more,0.1205272902,0.0004303782912,3.087160244,1,1,1,0.9931972789,0.001133786848
Chicago,154,411,5,R,0,0.00912210551,0.00912210551,greedy_more,0.1636717448,0.0005865568617,4.269441115,0.9988662132,0.9977324263,0.9988662132,0.9988662132,0.002267573696
Chicago,154,411,6,R,0,0.00912210551,0.00912210551,greedy_more,0.1512666114,0.0005198313688,3.945848386,0.9988662132,0.9977324263,0.9988662132,0.9988662132,0.002267573696
Chicago,154,411,7,R,0,0.00912210551,0.00912210551,greedy_more,0.1362950081,0.0004645441281,3.55530829,0.9988662132,0.9977324263,0.9988662132,0.9988662132,0.002267573696
Chicago,154,411,8,R,0,0.00912210551,0.00912210551,greedy_more,0.1182259636,0.0004187343654,3.083970237,0.9988662132,0.9977324263,0.9988662132,0.9988662132,0.002267573696
Chicago,154,719,5,R,0,0.009122045461,0.009122045461,greedy_more,0.1637897478,0.0005869450871,4.269384323,0.9897959184,0.9988662132,0.9977324263,0.9546485261,0.003401360544
New York,100,1286,3,R,0,0.04076878229,0.04076878229,greedy_more,0.04730446066,0.0007482006079,6.039419923,0.9577319588,1,1,0.943814433,0.0005154639175
New York,100,1286,5,R,0,0.04076878229,0.04076878229,greedy_more,0.04550582354,0.0007329264628,5.809785662,0.9577319588,1,1,0.943814433,0.0005154639175
New York,100,1695,3,R,0,0.04038730206,0.04038730206,greedy_more,0.04607248726,0.0007244244507,6.017744679,0.9335051546,0.9994845361,0.9994845361,0.9989690722,0.001030927835
New York,100,1565,3,R,0,0.04035499211,0.04035499211,greedy_more,0.0459597932,0.000722288661,6.015911639,0.9948453608,0.9989690722,0.9989690722,0.9097938144,0.001546391753
New York,100,1910,3,R,0,0.04021735551,0.04021735551,greedy_more,0.04553140748,0.0007140185068,6.008107943,0.874742268,0.9984536082,0.9984536082,0.9979381443,0.00206185567
New York,100,1605,3,R,0,0.04008174691,0.04008174691,greedy_more,0.04510547177,0.0007058343971,6.000426877,0.881443299,0.9979381443,0.9979381443,1,0.002577319588
New York,100,1286,2,R,0,0.0285381476,0.0285381476,greedy_more,0.04433067883,0.0007482006079,5.659753461,0.9577319588,1,1,0.943814433,0.0005154639175
New York,100,1286,6,R,0,0.0285381476,0.0285381476,greedy_more,0.04020039356,0.0007186125227,5.132434752,0.9577319588,1,1,0.943814433,0.0005154639175
New York,100,1695,2,R,0,0.02827111144,0.02827111144,greedy_more,0.04313883881,0.0007244244507,5.634567029,0.9335051546,0.9994845361,0.9994845361,0.9989690722,0.001030927835
New York,100,1695,5,R,0,0.02827111144,0.02827111144,greedy_more,0.04437510054,0.000709618016,5.796041,0.9335051546,0.9994845361,0.9994845361,0.9989690722,0.001030927835
New York,100,1695,6,R,0,0.02827111144,0.02827111144,greedy_more,0.03921606341,0.0006957543756,5.122194848,0.9335051546,0.9994845361,0.9994845361,0.9989690722,0.001030927835
New York,100,1565,2,R,0,0.02824849448,0.02824849448,greedy_more,0.0430301661,0.000722288661,5.632437813,0.9948453608,0.9989690722,0.9989690722,0.9097938144,0.001546391753
New York,100,1565,5,R,0,0.02824849448,0.02824849448,greedy_more,0.04427116108,0.0007075243862,5.794877972,0.9948453608,0.9989690722,0.9989690722,0.9097938144,0.001546391753
New York,100,1565,6,R,0,0.02824849448,0.02824849448,greedy_more,0.03912543863,0.0006937012344,5.121328128,0.9948453608,0.9989690722,0.9989690722,0.9097938144,0.001546391753
New York,100,1910,2,R,0,0.02815214886,0.02815214886,greedy_more,0.04261577192,0.0007140185068,5.623374543,0.874742268,0.9984536082,0.9984536082,0.9979381443,0.00206185567
New York,100,1910,5,R,0,0.02815214886,0.02815214886,greedy_more,0.04387794965,0.0006994169907,5.789925513,0.874742268,0.9984536082,0.9984536082,0.9979381443,0.00206185567
New York,100,1910,6,R,0,0.02815214886,0.02815214886,greedy_more,0.03878312723,0.000685750493,5.117636981,0.874742268,0.9984536082,0.9984536082,0.9979381443,0.00206185567
New York,100,1605,2,R,0,0.02805722284,0.02805722284,greedy_more,0.04220411023,0.0007058343971,5.614455796,0.881443299,0.9979381443,0.9979381443,1,0.002577319588
New York,100,1605,5,R,0,0.02805722284,0.02805722284,greedy_more,0.0434864671,0.000691394113,5.785049037,0.881443299,0.9979381443,0.9979381443,1,0.002577319588
New York,100,1605,6,R,0,0.02805722284,0.02805722284,greedy_more,0.03844217536,0.0006778826849,5.114001765,0.881443299,0.9979381443,0.9979381443,1,0.002577319588
Philadelphia,640,505,7,C,0.000100781982,0.00532173913,0.005220957148,greedy_more,0.6749126808,0.0002390179836,2.52563125,1,1,1,0.9875389408,0.001557632399
Philadelphia,640,505,6,C,0.0001390116285,0.00532173913,0.005182727501,greedy_more,0.705918587,0.0003523924686,2.641660312,1,1,1,0.9859813084,0.001557632399
Philadelphia,640,505,5,C,0.0001917429335,0.00532173913,0.005129996197,greedy_more,0.726072426,0.0005087733164,2.717079203,1,1,1,0.984423676,0.001557632399
Philadelphia,640,505,4,C,0.0002644768134,0.00532173913,0.005057262317,greedy_more,0.7391724214,0.0007244741381,2.766101482,1,1,1,0.984423676,0.001557632399
Philadelphia,640,505,3,C,0.0003648008484,0.00532173913,0.004956938282,greedy_more,0.7476874184,0.001021996789,2.797965963,1,1,1,0.9797507788,0.001557632399
Philadelphia,640,505,2,C,0.001313889875,0.00532173913,0.004007849255,greedy_more,0.7532221664,0.001432378759,2.818677876,1,1,1,0.9797507788,0.001557632399
Philadelphia,640,505,1,C,0.002660869565,0.00532173913,0.002660869565,greedy_more,0.7568197526,0.001998430992,2.83214062,1,1,1,0.9781931464,0.001557632399
Philadelphia,640,86,0,C,0.005289666172,0.002644833086,0.002644833086,lp_more,0.6681088454,0.00228838244,2.840891403,0.9485981308,0.9984423676,0.9984423676,0.9641744548,0.003115264798
Philadelphia,640,314,0,C,0.005285409058,0.002642704529,0.002642704529,lp_more,0.6562393292,0.002228098924,2.840891403,0.9890965732,0.9968847352,0.9968847352,0.992211838,0.004672897196
Philadelphia,640,505,10,C,3.840415259e-05,0.002660869565,0.002622465412,greedy_more,0.4409218184,5.402923996e-05,1.65,1,1,1,0.9890965732,0.001557632399
Philadelphia,640,505,9,C,5.297200639e-05,0.002660869565,0.002607897559,greedy_more,0.5538245264,9.723191304e-05,2.0725,1,1,1,0.9890965732,0.001557632399
Philadelphia,640,86,9,C,4.474004045e-05,0.002644833086,0.002600093046,greedy_more,0.4874017996,7.646719422e-05,2.0725,0.9485981308,0.9984423676,0.9984423676,0.9704049844,0.003115264798
Philadelphia,640,314,9,C,4.375044613e-05,0.002642704529,0.002598954083,greedy_more,0.4787426962,7.400849934e-05,2.0725,0.9890965732,0.9968847352,0.9968847352,0.992211838,0.004672897196
Philadelphia,640,321,0,C,0.002597114891,0,0.002597114891,lp_more,0.413534581,0.001167003571,2.840891403,0.5109034268,0.9719626168,0.9719626168,0.8753894081,0.02959501558
Philadelphia,640,321,1,C,0.002597114891,0,0.002597114891,lp_more,0.4122607726,0.000821057203,2.83214062,0.5109034268,0.9719626168,0.9719626168,0.8753894081,0.02959501558
Philadelphia,640,301,0,C,0.002596101394,0,0.002596101394,lp_more,0.4083780884,0.001147784885,2.840891403,0.8037383178,0.9704049844,0.9704049844,0.8551401869,0.03115264798
Philadelphia,640,301,1,C,0.002596101394,0,0.002596101394,lp_more,0.4071201635,0.0008072737059,2.83214062,0.8037383178,0.9704049844,0.9704049844,0.8504672897,0.03115264798
Philadelphia,640,101,9,C,3.987807741e-05,0.00263387619,0.002593998113,greedy_more,0.4432352268,6.447826604e-05,2.0725,0.9968847352,0.9953271028,0.9953271028,0.8224299065,0.006230529595
Philadelphia,640,59,0,C,0.002593968853,0,0.002593968853,lp_more,0.3975553988,0.001107873791,2.840891403,0.5420560748,0.968847352,0.968847352,0.8411214953,0.03271028037
Philadelphia,640,59,1,C,0.002593968853,0,0.002593968853,lp_more,0.396330811,0.0007786727713,2.83214062,0.5420560748,0.968847352,0.968847352,0.8364485981,0.03271028037
Philadelphia,641,505,2,C,8.415008372e-06,0.002660869565,0.002652454557,greedy_more,1.494852952,0.003723035591,2.818677876,1,1,1,0.9750778816,0.001557632399
Philadelphia,641,505,1,C,1.160707494e-05,0.002660869565,0.00264926249,greedy_more,1.501992761,0.003741822804,2.83214062,1,1,1,0.9750778816,0.001557632399
Philadelphia,641,86,2,C,7.421543918e-06,0.002644833086,0.002637411542,greedy_more,1.315568351,0.003091286815,2.818677876,0.9485981308,0.9984423676,0.9984423676,0.9626168224,0.003115264798
Philadelphia,641,314,2,C,7.298322964e-06,0.002642704529,0.002635406206,greedy_more,1.292196172,0.003013108125,2.818677876,0.9890965732,0.9968847352,0.9968847352,0.992211838,0.004672897196
Philadelphia,641,86,1,C,1.030022589e-05,0.002644833086,0.00263453286,greedy_more,1.32185185,0.003106886503,2.83214062,0.9485981308,0.9984423676,0.9984423676,0.9626168224,0.003115264798
Philadelphia,641,314,1,C,1.013735191e-05,0.002642704529,0.002632567177,greedy_more,1.298368039,0.003028313178,2.83214062,0.9890965732,0.9968847352,0.9968847352,0.992211838,0.004672897196
Philadelphia,641,101,3,C,4.884843522e-06,0.00263387619,0.002628991346,greedy_more,1.187565407,0.002692484661,2.797965963,0.9968847352,0.9953271028,0.9953271028,0.8052959502,0.006230529595
Philadelphia,641,267,3,C,4.863397568e-06,0.002633344542,0.002628481144,greedy_more,1.181888463,0.002674496186,2.797965963,0.9252336449,0.9937694704,0.9937694704,0.9657320872,0.007788161994
Philadelphia,641,101,2,C,6.807405967e-06,0.00263387619,0.002627068784,greedy_more,1.196356347,0.002702269317,2.818677876,0.9968847352,0.9953271028,0.9953271028,0.8052959502,0.006230529595
Philadelphia,641,53,3,C,4.802783018e-06,0.002631829798,0.002627027015,greedy_more,1.165740932,0.002623633046,2.797965963,0.6791277259,0.992211838,0.992211838,0.9641744548,0.009345794393
Philadelphia,641,267,2,C,6.778848901e-06,0.002633344542,0.002626565693,greedy_more,1.19063738,0.002684213509,2.818677876,0.9252336449,0.9937694704,0.9937694704,0.9657320872,0.007788161994
Philadelphia,641,53,2,C,6.698094932e-06,0.002631829798,0.002625131703,greedy_more,1.174370317,0.002633160096,2.818677876,0.6791277259,0.992211838,0.992211838,0.9641744548,0.009345794393
Philadelphia,641,101,1,C,9.486644922e-06,0.00263387619,0.002624389545,greedy_more,1.202070458,0.002715904988,2.83214062,0.9968847352,0.9953271028,0.9953271028,0.8052959502,0.006230529595
Philadelphia,641,267,1,C,9.448701608e-06,0.002633344542,0.00262389584,greedy_more,1.196324175,0.002697758006,2.83214062,0.9252336449,0.9937694704,0.9937694704,0.9657320872,0.007788161994
Philadelphia,641,53,1,C,9.341349702e-06,0.002631829798,0.002622488448,greedy_more,1.179979417,0.002646446784,2.83214062,0.6791277259,0.992211838,0.992211838,0.9641744548,0.009345794393
Philadelphia,641,413,3,C,4.472828048e-06,0.002623253463,0.002618780635,greedy_more,1.075250435,0.002346651218,2.797965963,0.4672897196,0.9906542056,0.9906542056,0.9937694704,0.01090342679
Philadelphia,641,350,3,C,4.411807011e-06,0.002621602372,0.002617190565,greedy_more,1.058011373,0.002295416022,2.797965963,0.9190031153,0.9890965732,0.9890965732,0.9984423676,0.01246105919
Philadelphia,641,413,2,C,6.257433646e-06,0.002623253463,0.002616996029,greedy_more,1.083209964,0.002355144937,2.818677876,0.4672897196,0.9906542056,0.9906542056,0.9937694704,0.01090342679
Philadelphia,641,350,2,C,6.175734339e-06,0.002621602372,0.002615426638,greedy_more,1.065843291,0.002303719142,2.818677876,0.9190031153,0.9890965732,0.9890965732,0.9984423676,0.01246105919
Philadelphia,641,48,4,C,0.002614820379,0,0.002614820379,lp_more,0.9764590368,0.002086160391,2.766101482,0.7881619938,0.9859813084,0.9859813084,0.9735202492,0.01557632399
Philadelphia,642,505,5,C,1.636230619e-05,0.002660869565,0.002644507259,greedy_more,1.627308916,0.003120899394,2.717079203,1,1,1,0.9750778816,0.001557632399
Philadelphia,642,505,4,C,2.256902261e-05,0.002660869565,0.002638300542,greedy_more,1.656669265,0.003162153484,2.766101482,1,1,1,0.9750778816,0.001557632399
Philadelphia,642,86,5,C,1.416548572e-05,0.002644833086,0.0026306676,greedy_more,1.432138261,0.002596928179,2.717079203,0.9485981308,0.9984423676,0.9984423676,0.96105919,0.003115264798
Philadelphia,642,505,3,C,3.113013383e-05,0.002660869565,0.002629739431,greedy_more,1.675753491,0.003219056494,2.797965963,1,1,1,0.9750778816,0.001557632399
Philadelphia,642,314,5,C,1.389675542e-05,0.002642704529,0.002628807774,greedy_more,1.406695119,0.002531957948,2.717079203,0.9890965732,0.9968847352,0.9968847352,0.992211838,0.004672897196
Philadelphia,642,86,4,C,1.966002013e-05,0.002644833086,0.002625173066,greedy_more,1.457977288,0.002630553605,2.766101482,0.9485981308,0.9984423676,0.9984423676,0.9626168224,0.003115264798
Philadelphia,642,314,4,C,1.93025577e-05,0.002642704529,0.002623401971,greedy_more,1.432075094,0.002564653824,2.766101482,0.9890965732,0.9968847352,0.9968847352,0.992211838,0.004672897196
Philadelphia,642,101,5,C,1.283462957e-05,0.00263387619,0.00262104156,greedy_more,1.302363117,0.002273341416,2.717079203,0.9968847352,0.9953271028,0.9953271028,0.8068535826,0.006230529595
Philadelphia,642,267,5,C,1.277326976e-05,0.002633344542,0.002620571272,greedy_more,1.296137404,0.002258304206,2.717079203,0.9252336449,0.9937694704,0.9937694704,0.9657320872,0.007788161994
Philadelphia,642,53,5,C,1.260001243e-05,0.002631829798,0.002619229786,greedy_more,1.278428948,0.002215776866,2.717079203,0.6791277259,0.992211838,0.992211838,0.9641744548,0.009345794393
Philadelphia,642,546,6,C,0.002618119851,0,0.002618119851,lp_more,1.089477184,0.001835616444,2.641660312,0.8971962617,0.9875389408,0.9875389408,0.9517133956,0.01401869159
Philadelphia,642,505,2,C,4.293873285e-05,0.002660869565,0.002617930832,greedy_more,1.688158238,0.003297544533,2.818677876,1,1,1,0.9750778816,0.001557632399
Philadelphia,642,86,3,C,2.728578456e-05,0.002644833086,0.002617547301,greedy_more,1.474772655,0.002677221722,2.797965963,0.9485981308,0.9984423676,0.9984423676,0.9626168224,0.003115264798
Philadelphia,642,101,4,C,1.788604558e-05,0.00263387619,0.002615990144,greedy_more,1.325860705,0.002302374481,2.766101482,0.9968847352,0.9953271028,0.9953271028,0.8068535826,0.006230529595
Philadelphia,642,314,3,C,2.681120321e-05,0.002642704529,0.002615893326,greedy_more,1.448572077,0.002610068311,2.797965963,0.9890965732,0.9968847352,0.9968847352,0.992211838,0.004672897196
Philadelphia,642,267,4,C,1.780402783e-05,0.002633344542,0.002615540514,greedy_more,1.319522666,0.002287126176,2.766101482,0.9252336449,0.9937694704,0.9937694704,0.9657320872,0.007788161994
Philadelphia,642,48,6,C,0.002614820379,0,0.002614820379,lp_more,1.053119296,0.001754328075,2.641660312,0.7881619938,0.9859813084,0.9859813084,0.9735202492,0.01557632399
Philadelphia,642,53,4,C,1.757232819e-05,0.002631829798,0.00261425747,greedy_more,1.301494709,0.00224400298,2.766101482,0.6791277259,0.992211838,0.992211838,0.9641744548,0.009345794393
Philadelphia,642,550,6,C,0.00261382705,0,0.00261382705,lp_more,1.042229032,0.001730265015,2.641660312,0.7476635514,0.984423676,0.984423676,0.9859813084,0.01713395639
Philadelphia,642,413,5,C,1.166134847e-05,0.002623253463,0.002611592115,greedy_more,1.179191057,0.001983953368,2.717079203,0.4672897196,0.9906542056,0.9906542056,0.9937694704,0.01090342679
San Antonio,500,57,2,R,0,0.03524345158,0.03524345158,greedy_more,0.06813998283,0.002447449967,3.618130329,0.9802631579,1,1,0.9868421053,0.003289473684
San Antonio,500,57,3,R,0,0.03524345158,0.03524345158,greedy_more,0.06693751582,0.002398020217,3.554281144,0.9802631579,1,1,0.9868421053,0.003289473684
San Antonio,500,57,4,R,0,0.03524345158,0.03524345158,greedy_more,0.06530508913,0.002361609611,3.467601749,0.9802631579,1,1,0.9868421053,0.003289473684
San Antonio,500,57,5,R,0,0.03524345158,0.03524345158,greedy_more,0.0630889644,0.002334789079,3.349928868,0.9802631579,1,1,0.9868421053,0.003289473684
San Antonio,500,57,6,R,0,0.03524345158,0.03524345158,greedy_more,0.06008043182,0.002315032722,3.190180325,0.9802631579,1,1,0.9868421053,0.003289473684
San Antonio,500,57,7,R,0,0.03524345158,0.03524345158,greedy_more,0.0559961544,0.002300479929,2.973311353,0.9802631579,1,1,0.9868421053,0.003289473684
San Antonio,500,57,9,R,0.03524345158,0,0.03524345158,lp_more,0.04292423511,0.00228186382,2.279212152,0.9802631579,1,1,0.9868421053,0.003289473684
San Antonio,500,57,10,R,0.03524345158,0,0.03524345158,lp_more,0.03270550847,0.002025379147,1.736613178,0.9802631579,1,1,0.9868421053,0.003289473684
San Antonio,500,214,2,R,0,0.03345975351,0.03345975351,greedy_more,0.05912487933,0.002046618314,3.568089291,0.9967105263,0.9967105263,0.9967105263,0.8782894737,0.006578947368
San Antonio,500,214,3,R,0,0.03345975351,0.03345975351,greedy_more,0.05812330304,0.002005829238,3.507645808,0.9967105263,0.9967105263,0.9967105263,0.8782894737,0.006578947368
San Antonio,500,214,4,R,0,0.03345975351,0.03345975351,greedy_more,0.05675529186,0.001975965908,3.425088582,0.9967105263,0.9967105263,0.9967105263,0.8782894737,0.006578947368
San Antonio,500,214,5,R,0,0.03345975351,0.03345975351,greedy_more,0.05488678257,0.001954101756,3.312327118,0.9967105263,0.9967105263,0.9967105263,0.8782894737,0.006578947368
San Antonio,500,214,6,R,0,0.03345975351,0.03345975351,greedy_more,0.05233466385,0.001938094127,3.158310947,0.9967105263,0.9967105263,0.9967105263,0.8782894737,0.006578947368
San Antonio,500,214,9,R,0.03345975351,0,0.03345975351,lp_more,0.0375846197,0.001911511554,2.268170026,0.9967105263,0.9967105263,0.9967105263,0.8782894737,0.006578947368
San Antonio,500,214,10,R,0.03345975351,0,0.03345975351,lp_more,0.02870236287,0.001696248344,1.732140425,0.9967105263,0.9967105263,0.9967105263,0.8782894737,0.006578947368
San Antonio,500,131,9,R,0.03300993324,0,0.03300993324,lp_more,0.03623313554,0.001821633959,2.265381605,0.8651315789,0.9934210526,0.9934210526,1,0.009868421053
San Antonio,500,131,2,R,0,0.03300993324,0.03300993324,greedy_more,0.05686922816,0.001949531425,3.555599079,0.8651315789,0.9934210526,0.9934210526,1,0.009868421053
San Antonio,500,131,3,R,0,0.03300993324,0.03300993324,greedy_more,0.05591584892,0.001910808686,3.495991547,0.8651315789,0.9934210526,0.9934210526,1,0.009868421053
San Antonio,500,131,4,R,0,0.03300993324,0.03300993324,greedy_more,0.05461165148,0.00188250204,3.414450029,0.8651315789,0.9934210526,0.9934210526,1,0.009868421053
San Antonio,500,131,5,R,0,0.03300993324,0.03300993324,greedy_more,0.05282754409,0.001861809645,3.302903401,0.8651315789,0.9934210526,0.9934210526,1,0.009868421053
San Antonio,506,57,9,C,4.044920841e-05,0.002660869565,0.002620420357,greedy_more,1.585379717,0.0001893410352,2.0725,0.9802631579,1,1,0.9868421053,0.003289473684
San Antonio,506,170,0,C,0.002614369015,0,0.002614369015,lp_more,1.439759379,0.002632919552,2.840891403,0.8782894737,0.9802631579,0.9802631579,0.9736842105,0.02302631579
San Antonio,506,57,8,C,5.491241484e-05,0.002660869565,0.00260595715,greedy_more,1.795456873,0.0003021180284,2.347125,0.9802631579,1,1,0.9868421053,0.003289473684
San Antonio,506,51,0,C,0.002605532513,0,0.002605532513,lp_more,1.30768473,0.002307390152,2.840891403,0.8289473684,0.9769736842,0.9769736842,0.9967105263,0.02631578947
San Antonio,506,280,0,C,0.002605434285,0,0.002605434285,lp_more,1.306228603,0.002303907089,2.840891403,0.8092105263,0.9736842105,0.9736842105,0.9605263158,0.02960526316
San Antonio,506,239,0,C,0.002605058813,0,0.002605058813,lp_more,1.300659971,0.002290611143,2.840891403,0.7894736842,0.9703947368,0.9703947368,0.8157894737,0.03289473684
San Antonio,506,171,0,C,0.002599976062,0,0.002599976062,lp_more,1.225723974,0.00211486704,2.840891403,0.8585526316,0.9671052632,0.9671052632,0.7401315789,0.03618421053
San Antonio,506,165,1,C,0.00259913341,0,0.00259913341,lp_more,1.209628835,0.001491464784,2.83214062,0.9144736842,0.9605263158,0.9605263158,0.8223684211,0.04276315789
San Antonio,506,1,1,C,0.002598096528,0,0.002598096528,lp_more,1.194497143,0.00146620058,2.83214062,1,0.9572368421,0.9572368421,0.9243421053,0.04605263158
San Antonio,506,214,8,C,4.708982054e-05,0.002644806441,0.00259771662,greedy_more,1.5797622,0.0002387195859,2.347125,0.9967105263,0.9967105263,0.9967105263,0.8914473684,0.006578947368
San Antonio,506,131,8,C,4.525281383e-05,0.002640629529,0.002595376715,greedy_more,1.524831003,0.0002241431836,2.347125,0.8651315789,0.9934210526,0.9934210526,1,0.009868421053
San Antonio,506,57,7,C,7.454715241e-05,0.002660869565,0.002586322413,greedy_more,1.932007024,0.0004552200859,2.52563125,0.9802631579,1,1,0.9868421053,0.003289473684
San Antonio,506,214,7,C,6.431801738e-05,0.002644806441,0.002580488424,greedy_more,1.699908091,0.0003612689277,2.52563125,0.9967105263,0.9967105263,0.9967105263,0.8881578947,0.006578947368
San Antonio,506,131,7,C,6.190464534e-05,0.002640629529,0.002578724884,greedy_more,1.640799204,0.0003395876192,2.52563125,0.8651315789,0.9934210526,0.9934210526,1,0.009868421053
San Antonio,506,57,6,C,0.0001012025777,0.002660869565,0.002559666987,greedy_more,2.020764622,0.0006630660248,2.641660312,0.9802631579,1,1,0.9868421053,0.003289473684
San Antonio,506,214,6,C,8.784929123e-05,0.002644806441,0.00255695715,greedy_more,1.778002921,0.0005286539508,2.641660312,0.9967105263,0.9967105263,0.9967105263,0.8848684211,0.006578947368
San Antonio,506,131,6,C,8.468390781e-05,0.002640629529,0.002555945621,greedy_more,1.716178535,0.0004975125357,2.641660312,0.8651315789,0.9934210526,0.9934210526,1,0.009868421053
San Antonio,506,214,5,C,0.0001199896745,0.002644806441,0.002524816766,greedy_more,1.82876456,0.0007572781566,2.717079203,0.9967105263,0.9967105263,0.9967105263,0.8848684211,0.006578947368
San Antonio,506,131,5,C,0.0001158453328,0.002640629529,0.002524784196,greedy_more,1.7651751,0.0007135496198,2.717079203,0.8651315789,0.9934210526,0.9934210526,1,0.009868421053
San Antonio,506,57,5,C,0.0001373890405,0.002660869565,0.002523480525,greedy_more,2.078457061,0.0009452303209,2.717079203,0.9802631579,1,1,0.9868421053,0.003289473684
