city,event_id,event_start,baseline_objective,optimized_objective,lp_recoverable_fraction,lp_replay_gain,lp_replay_recoverable_fraction,replay_fraction_of_base_lp_gain,lp_selected_action_count,event_peak_positive_abnormal_deficit,event_total_precip,baseline_objective_greedy,optimized_objective_greedy,lp_recoverable_fraction_greedy,greedy_replay_gain,greedy_replay_recoverable_fraction,greedy_fraction_of_lp_gain,greedy_selected_action_count,event_peak_positive_abnormal_deficit_greedy,event_total_precip_greedy,replay_gap_recoverable_fraction,replay_gap_fraction_of_lp_gain,lp_allocated_cost,lp_first_order_value_proxy,lp_segment_rows,lp_action_count,lp_unit_count,lp_cost_gini,lp_cost_share_R,lp_cost_share_C,lp_cost_share_S,lp_cost_share_segment_0,lp_cost_share_segment_1,lp_cost_share_segment_2,lp_cost_share_time_early,lp_cost_share_time_mid,lp_cost_share_time_late,greedy_allocated_cost,greedy_first_order_value_proxy,greedy_segment_rows,greedy_action_count,greedy_unit_count,greedy_cost_gini,greedy_cost_share_R,greedy_cost_share_C,greedy_cost_share_S,greedy_cost_share_segment_0,greedy_cost_share_segment_1,greedy_cost_share_time_early,greedy_cost_share_time_mid,greedy_cost_share_time_late,greedy_cost_share_segment_2,action_cost_overlap_share_lp,action_cost_overlap_share_greedy,action_cost_jaccard,lp_only_cost_share,greedy_only_cost_share,lp_action_rows,lp_feature_matched_rows,lp_cost_total,lp_matched_cost,lp_feature_match_rate,lp_matched_cost_share,greedy_proxy_over_realized,lp_proxy_over_realized,greedy_minus_lp_proxy,lp_to_greedy_action_count_ratio,lp_to_greedy_unit_count_ratio,intervention_share_l1,time_share_l1,segment_share_l1
Philadelphia,642,2023-07-07 17:00:00,0.004404859881,0.003539557703,0.1964426113,0.0008653021776,0.1964426113,1,504,0.0008256984963,0.01574804,0.004404859881,0.003539557703,0.1964426113,0.000331465835,0.07525002927,0.3830636783,80,0.0008256984963,0.01574804,0.121192582,0.6169363217,0.2104896005,0.1964425243,505,504,54,0.7113673205,0,0.761334869,0.238665131,0.9999987422,1.257757046e-06,,0.1606878726,0.5173013392,0.3220107881,0.2104896005,0.276695469,80,80,11,0.004156625443,0,1,0,1,,0.5237905565,0.4007829262,0.07542651721,,0.2110308215,0.2110308215,0.1179622455,0.7889691785,0.7889691785,504,504,0.2104896005,0.2104896005,1,1,0.2014454398,-8.69537076e-08,0.08025294469,6.3,4.909090909,0.238665131,0.3631026839,1.257757046e-06
Chicago,152,2019-07-17 19:00:00,0.02216888903,0.0162268801,0.2680336809,0.005942008675,0.2680336694,0.9999999572,5131,0.01334210144,0.27952771,0.02216888903,0.0162268801,0.2680336809,0.00235654941,0.1062998424,0.3965913612,869,0.01334210144,0.27952771,0.161733827,0.6034086388,3.013699282,0.269982324,5149,5131,417,0.5279301805,0.001316384796,0.5336772756,0.4650063396,0.9931421962,0.006857803783,,0.2261170675,0.4011974014,0.372685531,3.013699282,0.4397091674,1017,869,78,0.3608404195,0.3775624047,0.5344142631,0.08802333213,0.8148520015,0.1851479985,0.450016613,0.4506458971,0.09933748989,,0.1918563184,0.1918563184,0.106106788,0.8081436816,0.8081436816,5131,5131,3.013699282,3.013699282,1,1,0.333409325,0.001948654553,0.1697268435,5.904487917,5.346153846,0.3769830075,0.2733480411,0.1782901947
San Antonio,506,2024-07-27 11:00:00,0.006043985503,0.005108345854,0.1548050783,0.0009356396492,0.1548050783,1,250,0.002520241673,0.01443570333,0.006043985503,0.005108345854,0.1548050783,0.0003719321442,0.06153756392,0.3975164419,49,0.002520241673,0.01443570333,0.09326751438,0.6024835581,0.1141558958,0.1548050783,250,250,31,0.6904464384,0,0.8513488805,0.1486511195,1,,,0.8991706252,0.09075091655,0.01007845823,0.1141558958,0.1994211531,49,49,7,0.1115590783,0,0.9350247237,0.06497527631,1,,0.5421300733,0.356829688,0.1010402387,,0.2923213402,0.2923213402,0.1711805313,0.7076786598,0.7076786598,250,250,0.1141558958,0.1141558958,1,1,0.1378835891,2.731584403e-11,0.04461607472,5.102040816,4.428571429,0.0836758432,0.3570405519,0
Philadelphia,640,2023-07-04 01:00:00,0.009872386696,0.008243332553,0.1650111764,0.001629054143,0.1650111764,1,734,0.002905801377,0.005905515,0.009872386696,0.008243332553,0.1650111764,0.0007271692035,0.07365688013,0.4463750984,153,0.002905801377,0.005905515,0.09135429627,0.5536249016,0.4128202335,0.1650111764,737,734,80,0.6577606687,0,0.7393045481,0.2606954519,0.9807460814,0.01925391862,,0.8866961686,0.09995232381,0.01335150755,0.4128202335,0.2147266263,161,153,19,0.02707701605,0,0.9889694949,0.01103050512,0.9484352878,0.05156471217,0.4894096649,0.4019871771,0.108603158,,0.3240223205,0.3240223205,0.1933333149,0.6759776795,0.6759776795,734,734,0.4128202335,0.4128202335,1,1,0.1410697462,4.256417441e-11,0.04971544986,4.797385621,4.210526316,0.2496649468,0.3972865038,0.03231079355
Philadelphia,641,2023-07-07 11:00:00,0.004974469552,0.00404945932,0.1859515315,0.0009250102317,0.1859515315,1,549,0.001487792359,0.009842525,0.004974469552,0.00404945932,0.1859515315,0.0004289522474,0.08623075143,0.46372703,83,0.001487792359,0.009842525,0.09972078007,0.53627297,0.2182709443,0.1875732391,549,549,65,0.7509334296,0,0.758137975,0.241862025,1,,,0.04881811159,0.8904247992,0.06075708921,0.2182709443,0.2526410337,83,83,11,0.004495615027,0,1,0,1,,0.5287097618,0.3864950432,0.08479519495,,0.2544515405,0.2544515405,0.1457716852,0.7455484595,0.7455484595,549,549,0.2182709443,0.2182709443,1,1,0.1664102822,0.001621707583,0.06506779458,6.614457831,5.909090909,0.241862025,0.503929756,0
San Antonio,500,2024-07-23 00:00:00,0.1073168078,0.08958091705,0.165266663,0.0177358907,0.165266663,1,2197,0.03970233648,0.01706037667,0.1073168078,0.08958091705,0.165266663,0.008295520516,0.07729935962,0.4677250584,482,0.03970233648,0.01706037667,0.08796730338,0.5322749416,3.816707883,0.1720892785,2345,2197,173,0.7202350267,0.0502570113,0.6495112323,0.3002317564,0.9264871479,0.07351285209,7.097240755e-12,0.3964581809,0.04669672752,0.5568450916,3.816707884,0.2495096772,522,482,49,0.3025449878,0.1338324089,0.7337341109,0.1324334803,0.8991594948,0.1008405052,0.4450992679,0.4450491964,0.1098515357,,0.2406061362,0.2406061362,0.1367551298,0.7593938638,0.7593938638,2197,2197,3.816707883,3.816707883,1,1,0.1722103176,0.006822615458,0.07742039872,4.558091286,3.530612245,0.1677982762,0.4469935558,0.02732765309
New York,100,2019-06-05 21:00:00,0.06728818434,0.05587831479,0.169567208,0.01140986786,0.1695671828,0.9999998513,2874,0.01875161061,0.01049869333,0.06728818434,0.05587831479,0.169567208,0.006028596921,0.08959369286,0.5283668575,1316,0.01875161061,0.01049869333,0.07997348994,0.4716331425,9.423734096,0.1754545892,3289,2874,388,0.5372428437,0.4920953415,0.3405688336,0.1673358249,0.9179623299,0.07994935187,0.00208831821,0,0.6299764277,0.3700235723,9.423734096,0.2386911364,1573,1316,143,0.4172780421,0.7098723337,0.2483295573,0.04179810899,0.7692533547,0.2165997327,0.2486804713,0.6388477959,0.1124717328,0.01414691254,0.3578897914,0.3578897914,0.2179450499,0.6421102086,0.6421102086,2874,2874,9.423734096,9.423734096,1,1,0.1490974435,0.005887406363,0.06323654725,2.183890578,2.713286713,0.2177769922,0.2575518395,0.1487089752
Chicago,154,2019-07-20 05:00:00,0.02404835271,0.01884282114,0.2164610453,0.005205531039,0.2164610235,0.9999998992,1648,0.005706766028,0.01181103,0.02404835271,0.01884282114,0.2164610453,0.002820702278,0.1172929519,0.5418663287,516,0.005706766028,0.01181103,0.0991680716,0.4581336713,1.815836829,0.2164610453,1688,1648,158,0.3970931876,0.01640225925,0.6700463263,0.3135514144,0.9469186023,0.05308139773,,0.6897875067,0.2469417193,0.06327077401,1.815836829,0.2711593723,588,516,44,0.3309020166,0.3818122017,0.5525022888,0.06568550945,0.8641016771,0.1358983229,0.4740904116,0.4288624912,0.09704709728,,0.3611019433,0.3611019433,0.2203321566,0.6388980567,0.6388980567,1648,1648,1.815836829,1.815836829,1,1,0.1538664204,2.176469299e-08,0.05469832708,3.19379845,3.590909091,0.3654099425,0.2156970951,0.08281692522
New York,99,2019-06-02 22:00:00,0.07896785276,0.06730622951,0.1476755773,0.01166162325,0.1476755773,1,2651,0.01581179532,0.37401595,0.07896785276,0.06730622951,0.1476755773,0.006757595463,0.08557400545,0.5794729703,1282,0.01581179532,0.37401595,0.06210157185,0.4205270297,8.43191233,0.1509864289,2994,2651,282,0.5182771831,0.5466223432,0.3234245423,0.1299531146,0.8775700374,0.1163111932,0.006118769313,0.28018297,0.4082571831,0.311559847,8.43191233,0.193239497,1532,1282,129,0.4048330956,0.7134983142,0.2494868235,0.03701486225,0.7620832844,0.2174104635,0.3802220584,0.534616559,0.08516138261,0.0205062521,0.4105447872,0.4105447873,0.2582927685,0.5894552128,0.5894552127,2651,2651,8.431912331,8.431912331,1,1,0.1076654915,0.003310851576,0.04225306812,2.067862715,2.186046512,0.1668759711,0.2263984644,0.115486753
New York,98,2019-06-02 18:00:00,0.01550511148,0.01152843866,0.2564749584,0.003976672823,0.2564749584,1,2208,0.01284042645,0.12598432,0.01550511148,0.01152843866,0.2564749584,0.002310258273,0.1489997847,0.580952564,838,0.01284042645,0.12598432,0.1074751737,0.419047436,3.596110992,0.257095375,2318,2208,476,0.3129533459,0.08072863016,0.6145514474,0.3047199225,0.9765418903,0.02345810966,,0,0.3702292559,0.6297707441,3.596110992,0.334130915,972,838,168,0.4283145968,0.6188530623,0.3032395452,0.07790739246,0.8250930095,0.1749069905,0.08384650231,0.5893174377,0.32683606,,0.3670897773,0.3670897772,0.2248070789,0.6329102227,0.6329102228,2208,2208,3.596110992,3.596110992,1,1,0.1851311303,0.000620416606,0.07703554004,2.634844869,2.833333333,0.5381244322,0.3029346841,0.1514488808
San Antonio,501,2024-07-23 03:00:00,0.1521064054,0.1333779371,0.1231274136,0.01872845699,0.1231273393,0.9999993964,1279,0.03970233648,0.006561683333,0.1521064054,0.1333779371,0.1231274136,0.01100915419,0.07237797883,0.5878299292,482,0.03970233648,0.006561683333,0.05074936047,0.4121700708,3.495324897,0.1275517892,1491,1279,102,0.7321946474,0.1467576989,0.6272914973,0.2259508037,0.8807524849,0.1192475151,1.260961226e-11,0.003193429697,0.5837412563,0.413065314,3.495324897,0.1612153035,522,482,49,0.3025449878,0.1338324089,0.7337341109,0.1324334803,0.8991594948,0.1008405052,0.4450992679,0.4450491964,0.1098515357,,0.360851708,0.360851708,0.2201458586,0.639148292,0.639148292,1279,1279,3.495324897,3.495324897,1,1,0.08883732467,0.00442444989,0.03366351431,2.653526971,2.081632653,0.1064426136,0.4419058382,0.01840700991
Chicago,149,2019-07-13 20:00:00,0.01615556916,0.01366772496,0.1539929777,0.002487842166,0.1539928517,0.999999182,440,0.0027008348,0.14173236,0.01615556916,0.01366772496,0.1539929777,0.00150889958,0.09339810721,0.6065088721,203,0.0027008348,0.14173236,0.06059474449,0.3934911279,0.6505468606,0.1539929777,449,440,44,0.3193711273,0,0.8627812989,0.1372187011,0.9721906832,0.02780931678,,0.620621081,0.3272655552,0.0521133638,0.6505468607,0.1766650441,216,203,20,0.2618086544,0.2978500256,0.655981266,0.04616870841,0.9468573022,0.05314269783,0.5291590915,0.4025650099,0.0682758986,,0.4709042278,0.4709042278,0.3079625465,0.5290957722,0.5290957722,440,440,0.6505468607,0.6505468607,1,1,0.08326693691,1.259986055e-07,0.02267206643,2.167487685,2.2,0.2978500256,0.0914619895,0.02533338105
San Antonio,499,2024-07-22 20:00:00,0.02160154324,0.01853883983,0.1417816949,0.003062703413,0.1417816949,1,358,0.006082525209,0.1902888167,0.02160154324,0.01853883983,0.1417816949,0.001867018727,0.08642987707,0.609598278,164,0.006082525209,0.1902888167,0.05535181783,0.390401722,0.4079995755,0.1417816949,365,358,41,0.4869578199,0,0.8215587541,0.1784412459,0.9645241253,0.03547587472,,0.8556223433,0.1314699473,0.01290770942,0.4079995755,0.1597283782,176,164,18,0.185462333,0.06713561972,0.8376336025,0.09523077778,0.9218965308,0.07810346921,0.5153507115,0.3975734358,0.08707585268,,0.5055630375,0.5055630375,0.338296663,0.4944369625,0.4944369625,358,358,0.4079995755,0.4079995755,1,1,0.07329850111,-1.557004525e-12,0.01794668328,2.182926829,2.277777778,0.08321046812,0.3402716318,0.04262759448
New York,115,2019-06-20 01:00:00,0.01889311455,0.01602620168,0.1517437935,0.002866912872,0.1517437935,1,626,0.00338160594,0.00787402,0.01889311455,0.01602620168,0.1517437935,0.00178005942,0.09421736239,0.6208976343,303,0.00338160594,0.00787402,0.05752643111,0.3791023657,1.521707899,0.1517437935,645,626,111,0.3864336478,0.3386280758,0.5331314153,0.1282405089,0.995750678,0.004249322036,,0,0.7485147785,0.2514852215,1.521707899,0.1734213757,341,303,50,0.3801150762,0.6787313794,0.2833111262,0.03795749444,0.8402835705,0.1597164295,0.1551855509,0.73395933,0.1108551191,,0.5118813631,0.5118813631,0.3439788673,0.4881186369,0.4881186369,626,626,1.521707899,1.521707899,1,1,0.07920401328,-2.423428125e-11,0.02167758219,2.066006601,2.22,0.3401033035,0.1551855509,0.1554671075
New York,117,2019-06-20 07:00:00,0.02864635885,0.02511424332,0.1233006801,0.003532115528,0.1233006801,1,597,0.00338160594,0.02362206,0.02864635885,0.02511424332,0.1233006801,0.002240422027,0.07820966144,0.6343003249,314,0.00338160594,0.02362206,0.04509101866,0.3656996751,1.521707899,0.1233006801,629,597,69,0.5450689986,0.5964177329,0.3258581682,0.07772409898,0.9813254478,0.01867455217,,0.785477983,0.1815173844,0.03300463263,1.521707899,0.1394367106,334,314,38,0.3716822885,0.6835895575,0.2839578489,0.03245259359,0.8802679545,0.1197320455,0.5704324383,0.400329598,0.02923796374,,0.5149995105,0.5149995105,0.3468009028,0.4850004895,0.4850004895,597,597,1.521707899,1.521707899,1,1,0.06122704911,-1.882619061e-11,0.01613603047,1.901273885,1.815789474,0.08717182467,0.2188122136,0.1010574933
Philadelphia,647,2023-07-14 08:00:00,0.01199311988,0.009781906475,0.1843734931,0.002211213405,0.1843734931,1,462,0.001727634009,0.005905515,0.01199311988,0.009781906475,0.1843734931,0.001473728222,0.1228811383,0.6664794176,186,0.001727634009,0.005905515,0.0614923548,0.3335205824,0.5188237906,0.1858260264,464,462,49,0.4474331224,0,0.7864764832,0.2135235168,0.9984775032,0.001522496842,,0.5013652055,0.4584749037,0.04015989079,0.5188237906,0.2122659966,203,186,22,0.07618731828,0.03519666965,0.9379488532,0.02685447717,0.9131074155,0.08689258451,0.5131885527,0.3885480569,0.09826339044,,0.5007936926,0.5007936926,0.3340392113,0.4992063074,0.4992063074,462,462,0.5188237906,0.5188237906,1,1,0.08938485832,0.00145253325,0.02643997027,2.483870968,2.227272727,0.1866690397,0.06992684683,0.08537008766
New York,106,2019-06-13 22:00:00,0.0931906285,0.07944248206,0.1475271351,0.01374814644,0.1475271351,1,2587,0.01413909782,0.1994751733,0.0931906285,0.07944248206,0.1475271351,0.009440744107,0.1013057242,0.6866921407,1390,0.01413909782,0.1994751733,0.0462214109,0.3133078593,8.609963856,0.1487285042,2843,2587,229,0.5110741236,0.5721251574,0.3146871039,0.1131877387,0.9465193045,0.05348069548,5.627158812e-12,0.5773425423,0.238770004,0.1838874538,8.609963856,0.177279944,1644,1390,127,0.4086280412,0.6615028625,0.2993929499,0.03910418759,0.7762180944,0.2084023282,0.4833476806,0.4460728158,0.07057950359,0.01537957742,0.5145878433,0.5145878433,0.3464276504,0.4854121567,0.4854121567,2587,2587,8.609963856,8.609963856,1,1,0.07597421985,0.001201369148,0.0285514398,1.861151079,1.803149606,0.08937770511,0.2073028118,0.1703012101
New York,116,2019-06-20 04:00:00,0.02443910888,0.02089341786,0.145082664,0.003545691023,0.145082664,1,526,0.00338160594,0.01181103,0.02443910888,0.02089341786,0.145082664,0.00244716235,0.1001330434,0.690179244,292,0.00338160594,0.01181103,0.0449496206,0.309820756,1.521707899,0.145082664,559,526,67,0.5924916081,0.7334184637,0.1926472204,0.07393431591,0.9981761017,0.001823898321,,0.5638835596,0.4008353961,0.03528104426,1.521707899,0.1609792503,315,292,39,0.365478255,0.7264273299,0.2423520887,0.03122058145,0.867476766,0.132523234,0.5243476151,0.4417638419,0.03388854299,,0.5723736577,0.5723736577,0.4009267977,0.4276263423,0.4276263423,526,526,1.521707899,1.521707899,1,1,0.06084620689,2.062205962e-11,0.01589658627,1.801369863,1.717948718,0.04970486828,0.04092844581,0.1306993356
San Antonio,495,2024-07-13 13:00:00,0.03348498918,0.028979354,0.1345568653,0.004505635178,0.1345568653,1,488,0.009428645376,0.1443570333,0.03348498918,0.028979354,0.1345568653,0.003113152585,0.09297158703,0.6909464399,246,0.009428645376,0.1443570333,0.04158527827,0.3090535601,0.6324483959,0.1345568653,500,488,55,0.4323218959,0,0.7999343053,0.2000656947,0.9515762042,0.04842379584,,0.7192985993,0.2594970639,0.02120433683,0.6324483959,0.1473603297,270,246,29,0.1828244718,0.07218323932,0.8374702443,0.09034651635,0.901649339,0.09835066099,0.4932060357,0.4045363642,0.1022576,,0.59855751,0.59855751,0.427101015,0.40144249,0.40144249,488,488,0.6324483959,0.6324483959,1,1,0.05438874271,-2.386166265e-11,0.01280346447,1.983739837,1.896551724,0.1097191783,0.2260925635,0.04992686515
Philadelphia,653,2023-07-19 11:00:00,0.03839710662,0.03259505745,0.1511064161,0.00580204917,0.1511064161,1,1608,0.003021297138,0.005905515,0.03839710662,0.03259505745,0.1511064161,0.004036798059,0.105132871,0.6957538518,693,0.003021297138,0.005905515,0.0459735451,0.3042461482,1.813802551,0.1515831698,1659,1608,158,0.465171176,0.01374868715,0.674630988,0.3116203249,0.9272428153,0.07275718469,,0.7091232522,0.2158516996,0.07502504822,1.813802551,0.1765978731,792,693,71,0.2738663315,0.1550292519,0.7100639602,0.1349067879,0.8563785306,0.1436214694,0.443032498,0.4320093418,0.1249581602,,0.5039830683,0.5039830683,0.3368832649,0.4960169317,0.4960169317,1608,1608,1.813802551,1.813802551,1,1,0.0714650021,0.0004767537109,0.02501470329,2.32034632,2.225352113,0.176713537,0.2660907542,0.07086428469
New York,119,2019-06-20 21:00:00,0.01783321113,0.0155572178,0.1276266689,0.002275993333,0.1276266689,1,1635,0.009006987358,0.03805776333,0.01783321113,0.0155572178,0.1276266689,0.001603814637,0.08993414733,0.7046657887,1095,0.009006987358,0.03805776333,0.03769252157,0.2953342113,3.846498066,0.1276266689,2019,1635,479,0.2876510907,0.08939003831,0.6857596549,0.2248503068,0.7918160531,0.1965384504,0.01164549657,0,0.04090260089,0.9590973991,3.846498066,0.1483805427,1293,1095,338,0.449560443,0.5237099408,0.3430785493,0.1332115099,0.82445942,0.1723731843,0.03313870035,0.1964960545,0.7703652452,0.003167395728,0.5515943081,0.5515943081,0.3808285974,0.4484056919,0.4484056919,1635,1635,3.846498066,3.846498066,1,1,0.05844639536,3.912345448e-11,0.02075387375,1.493150685,1.417159763,0.4343199025,0.1887321539,0.03264336694
Chicago,147,2019-07-03 02:00:00,0.03897364079,0.03382146956,0.1321963032,0.005152169211,0.1321962513,0.9999996073,771,0.0006227181642,0.03149608,0.03897364079,0.03382146956,0.1321963032,0.00366064718,0.09392623078,0.7105057291,433,0.0006227181642,0.03149608,0.03827002052,0.2894942709,1.520669143,0.1321963032,811,771,78,0.3293608836,0.127031474,0.716225208,0.156743318,0.9484413129,0.05155868714,,0.626699636,0.3227390849,0.05056127913,1.520669143,0.145394439,498,433,36,0.3162857977,0.3579286042,0.5798896563,0.06218173953,0.866896316,0.133103684,0.4894643097,0.4231986998,0.08733699044,,0.5958129828,0.5958129828,0.4243117017,0.4041870172,0.4041870172,771,771,1.520669143,1.520669143,1,1,0.05146820821,5.187981972e-08,0.01319813581,1.780600462,2.166666667,0.2308971302,0.1372353262,0.08154499685
Philadelphia,654,2023-07-20 18:00:00,0.06758702171,0.05443101121,0.1946529106,0.01315600895,0.1946528878,0.9999998831,1894,0.01436661912,0.12992133,0.06758702171,0.05443101121,0.1946529106,0.009595685366,0.1419752657,0.7293765365,949,0.01436661912,0.12992133,0.0526776221,0.2706234635,4.265774354,0.195590525,2035,1894,186,0.3874525319,0.007869416397,0.6640050204,0.3281255632,0.9382568037,0.06174319626,4.699706525e-12,0.5408269364,0.2549970412,0.2041760224,4.265774354,0.2228670725,1080,949,94,0.3460621245,0.1917757344,0.6660049913,0.1422192742,0.8373294155,0.1626705845,0.4333807575,0.4338904735,0.132728769,,0.5540398599,0.5540398599,0.3831639922,0.4459601401,0.4459601401,1894,1894,4.265774354,4.265774354,1,1,0.08089180681,0.0009376371806,0.02727654753,1.995785037,1.978723404,0.185906289,0.1788934323,0.1009273882
Philadelphia,643,2023-07-08 16:00:00,0.0234280212,0.01943689461,0.1703569651,0.00399112659,0.1703569651,1,735,0.003739478326,0.549212895,0.0234280212,0.01943689461,0.1703569651,0.002914645381,0.1244085173,0.7302813669,394,0.003739478326,0.549212895,0.0459484478,0.2697186331,1.050453439,0.1703783597,761,735,77,0.3823312434,0.006166406433,0.768955044,0.2248785495,0.9347929481,0.06520705194,,0.647353571,0.172449354,0.1801970751,1.050453439,0.1898170651,447,394,41,0.20524395,0.09533505771,0.8071997972,0.09746514505,0.8667404983,0.1332595017,0.4644470819,0.413194619,0.1223582991,,0.5917946147,0.5917946146,0.4202473736,0.4082053853,0.4082053854,735,735,1.050453439,1.050453439,1,1,0.06540854776,2.139464079e-05,0.01943870532,1.865482234,1.87804878,0.1274134045,0.240745265,0.06805244972
Chicago,146,2019-07-02 23:00:00,0.04097771244,0.03555351338,0.132369494,0.005424196529,0.1323694322,0.9999995331,780,0.002347054096,0.0393701,0.04097771244,0.03555351338,0.132369494,0.00396487131,0.09675677519,0.7309597722,461,0.002347054096,0.0393701,0.03561265701,0.2690402278,1.604000063,0.132369494,827,780,78,0.3222281361,0.1439662863,0.7052114903,0.1508222234,0.9427257504,0.05727424959,,0.6249979373,0.3229175027,0.05208455999,1.604000064,0.1442549632,530,461,41,0.3248065094,0.3619951867,0.5699073997,0.06809741358,0.8551205114,0.1448794886,0.4851434373,0.4303174781,0.08453908456,,0.6193597422,0.6193597422,0.4486032756,0.3806402578,0.3806402578,780,780,1.604000064,1.604000064,1,1,0.04749818806,6.182258325e-08,0.01188546922,1.69197397,1.902439024,0.2180289004,0.1398545,0.08760523904
Austin,491,2024-07-27 07:00:00,0.02247193429,0.01924756525,0.143484268,0.003224369043,0.143484268,1,199,0.002076205508,0.005905515,0.02247193429,0.01924756525,0.143484268,0.002362275687,0.105121155,0.7326319214,115,0.002076205508,0.005905515,0.038363113,0.2673680786,0.2785626198,0.1439766202,202,199,23,0.3183063869,0.0002557916089,0.6995014258,0.3002427825,0.9713435755,0.02865642454,,0.6234164414,0.2308852106,0.145698348,0.2785626198,0.1558558668,124,115,13,0.2920434428,0.1638847809,0.6881538879,0.1479613312,0.9212329616,0.07876703839,0.4807407221,0.4553575633,0.06390171458,,0.6061529607,0.6061529607,0.4348776757,0.3938470393,0.3938470393,199,199,0.2785626198,0.2785626198,1,1,0.0507347118,0.0004923522447,0.01187924655,1.730434783,1.769230769,0.1636289893,0.2244723528,0.05011061385
Philadelphia,645,2023-07-09 18:00:00,0.09158145415,0.07927351959,0.1343933078,0.01230793456,0.1343933078,1,1785,0.02620668832,0.592520005,0.09158145415,0.07927351959,0.1343933078,0.009027956381,0.09857843452,0.7335070184,949,0.02620668832,0.592520005,0.03581487328,0.2664929816,3.906858365,0.1343933078,2006,1785,173,0.4272144204,0.03498481274,0.673103696,0.2919114913,0.9066773762,0.09220935215,0.00111327169,0.6096291738,0.3136885431,0.07668228301,3.906858365,0.1506369351,1080,949,94,0.3460621245,0.1917757344,0.6660049913,0.1422192742,0.8373294155,0.1626705845,0.4333807575,0.4338904735,0.132728769,,0.6021275358,0.6021275357,0.4307456876,0.3978724642,0.3978724643,1785,1785,3.906858365,3.906858365,1,1,0.05205850054,2.467606675e-11,0.01624362724,1.880927292,1.840425532,0.1567909217,0.1762484163,0.07046123233
Philadelphia,650,2023-07-16 19:00:00,0.0243808805,0.02016489459,0.1729218069,0.004215984966,0.1729217682,0.9999997762,837,0.001318960432,0.12992133,0.0243808805,0.02016489459,0.1729218069,0.003098314698,0.1270796884,0.7348968343,428,0.001318960432,0.12992133,0.0458420798,0.2651031657,1.140890303,0.1735252042,856,837,90,0.3605712387,0,0.7337403059,0.2662596941,0.9582002774,0.04179972265,,0.5452123221,0.3342545422,0.1205331356,1.140890303,0.1945620834,489,428,44,0.2175640419,0.1036809151,0.7908390652,0.1054800198,0.8588894877,0.1411105123,0.4551805139,0.422232887,0.1225865992,,0.5658224468,0.5658224468,0.3945274736,0.4341775532,0.4341775532,837,837,1.140890303,1.140890303,1,1,0.06748239499,0.0006034359656,0.02103687922,1.955607477,2.045454545,0.1607796743,0.09003180825,0.09931078969
Austin,485,2024-07-22 23:00:00,0.1053035213,0.08601671448,0.1831544337,0.01928680681,0.1831544337,1,645,0.03052262292,0.3543309,0.1053035213,0.08601671448,0.1831544337,0.01430291547,0.1358256143,0.7415906431,386,0.03052262292,0.3543309,0.0473288194,0.2584093569,2.127726012,0.1834453321,700,645,63,0.4035901763,0.008581378564,0.6974369875,0.293981634,0.9597098892,0.04029011084,4.642327976e-12,0.6375072214,0.2711279023,0.0913648763,2.127726012,0.2095204368,407,386,39,0.3533053491,0.1525599636,0.6461544079,0.2012856285,0.8962153663,0.1037846337,0.4274755681,0.4374073506,0.1351170813,,0.5908530054,0.5908530054,0.4192983469,0.4091469946,0.4091469946,645,645,2.127726012,2.127726012,1,1,0.0736948225,0.0002908984095,0.02607510469,1.670984456,1.615384615,0.143978585,0.2100316534,0.06349452289
Philadelphia,657,2023-07-28 22:00:00,0.05620795867,0.04857938964,0.1357204427,0.007628566382,0.1357203955,0.9999996522,1538,0.01507816758,0.261811165,0.05620795867,0.04857938964,0.1357204427,0.005734116289,0.1020160921,0.7516634197,897,0.01507816758,0.261811165,0.0337043034,0.2483365803,2.357046799,0.1357204427,1628,1538,150,0.3824782275,0.04800647625,0.6748990407,0.2770944831,0.9000162541,0.09887047421,0.001113271677,0.6072034552,0.3606937737,0.0321027711,2.3570468,0.148948709,1025,897,90,0.3106441571,0.1759409687,0.6717897907,0.1522692406,0.8403473141,0.1596526859,0.4399346724,0.4301061255,0.1299592021,,0.6459173746,0.6459173746,0.4770147423,0.3540826254,0.3540826254,1538,1538,2.3570468,2.3570468,1,1,0.04693261692,4.721590788e-08,0.0132282663,1.714604236,1.666666667,0.1279344924,0.1672687828,0.06078221172
Austin,486,2024-07-23 03:00:00,0.1806597614,0.1547181633,0.1435936695,0.02594159807,0.1435936695,1,620,0.03052262292,0.005905515,0.1806597614,0.1547181633,0.1435936695,0.01983256803,0.1097785577,0.764508338,386,0.03052262292,0.005905515,0.0338151118,0.235491662,2.883270223,0.1452080541,742,620,62,0.5063155246,0.06823271157,0.6600545704,0.2717127181,0.9471919835,0.05280801645,2.007497496e-12,0.379971957,0.363243041,0.256785002,2.883270223,0.1654921874,407,386,39,0.3533053491,0.1525599636,0.6461544079,0.2012856285,0.8962153663,0.1037846337,0.4274755681,0.4374073506,0.1351170813,,0.6028964201,0.6028964201,0.4315330865,0.3971035799,0.3971035799,620,620,2.883270223,2.883270223,1,1,0.05571362974,0.001614384567,0.02028413338,1.606217617,1.58974359,0.08432725199,0.1216679207,0.05097661728
San Antonio,492,2024-07-09 16:00:00,0.09517465171,0.08343941316,0.1233021434,0.01173523855,0.1233021434,1,744,0.02679911393,0.1666667567,0.09517465171,0.08343941316,0.1233021434,0.009122438077,0.0958494506,0.7773542939,482,0.02679911393,0.1666667567,0.0274526928,0.2226457061,1.797613118,0.1233021434,828,744,72,0.4142393228,0.033988082,0.7674191356,0.1985927824,0.9315928479,0.06840715205,7.919583683e-12,0.6181396674,0.3522081979,0.02965213465,1.797613118,0.1325077106,522,482,49,0.3025449878,0.1338324088,0.7337341109,0.1324334803,0.8991594948,0.1008405052,0.4450992679,0.4450491964,0.1098515357,,0.6897639656,0.6897639657,0.5264425245,0.3102360344,0.3102360343,744,744,1.797613118,1.797613118,1,1,0.03665826,-3.673090998e-11,0.009205567234,1.543568465,1.469387755,0.09984432684,0.1730403996,0.03243335312
Philadelphia,646,2023-07-14 06:00:00,0.0218368079,0.01804493322,0.1736460156,0.003791874685,0.1736460156,1,609,0.003129179863,0.15354339,0.0218368079,0.01804493322,0.1736460156,0.002960033118,0.135552464,0.7806252483,353,0.003129179863,0.15354339,0.0380935516,0.2193747517,0.9536398699,0.1750434655,627,609,64,0.323568004,0,0.7898054716,0.2101945284,0.9600768229,0.03992317707,,0.5422077425,0.3433292569,0.1144630005,0.9536398699,0.188791891,401,353,38,0.1780452587,0.07641363924,0.8397900308,0.08379632991,0.8669862834,0.1330137166,0.4749817023,0.4031379466,0.1218803511,,0.6448677312,0.6448677312,0.4758706925,0.3551322688,0.3551322688,609,609,0.95363987,0.95363987,1,1,0.05323942696,0.001397449904,0.01374842545,1.725212465,1.684210526,0.1263981985,0.06722604021,0.09309053949
San Antonio,491,2024-07-06 20:00:00,0.05846105751,0.05114948218,0.1250674491,0.007311575336,0.1250674491,1,681,0.01636790638,0.6548559967,0.05846105751,0.05114948218,0.1250674491,0.005769221749,0.09868486808,0.7890531771,457,0.01636790638,0.6548559967,0.02638258102,0.2109468229,1.105040355,0.1250674491,708,681,68,0.3515498952,0.0267073719,0.7627074525,0.2105851756,0.9379826162,0.06201738378,,0.6119646026,0.3593688528,0.02866654455,1.105040355,0.1335015097,492,457,49,0.2734938341,0.1250657559,0.7288610482,0.1460731959,0.9112568177,0.08874318232,0.4661744005,0.4298413667,0.1039842328,,0.7044495461,0.7044495461,0.5437453586,0.2955504539,0.2955504539,681,681,1.105040355,1.105040355,1,1,0.03481664166,1.454308896e-11,0.008434060625,1.490153173,1.387755102,0.09835838398,0.1457902021,0.02672579854
New York,112,2019-06-19 07:00:00,0.05163031833,0.0448293879,0.1317235814,0.006800930437,0.1317235814,1,876,0.007086730324,0.00393701,0.05163031833,0.0448293879,0.1317235814,0.00537490365,0.1041036318,0.7903188687,654,0.007086730324,0.00393701,0.0276199496,0.2096811313,3.2705583,0.1329135224,961,876,89,0.4483999838,0.6391648255,0.3094405941,0.05139458035,0.9334995703,0.06650042968,5.338676582e-12,0.4065427735,0.5435400384,0.04991718809,3.2705583,0.1430887277,746,654,68,0.3656532807,0.6488566753,0.320010283,0.03113304169,0.8349909027,0.1650090973,0.5439662181,0.4055319232,0.05050185874,,0.6727738574,0.6727738574,0.5069022044,0.3272261426,0.3272261426,876,876,3.2705583,3.2705583,1,1,0.03898509591,0.001189941014,0.01017520529,1.339449541,1.308823529,0.02026153867,0.1380081153,0.09850866758
San Antonio,502,2024-07-23 11:00:00,0.1743211916,0.1526721597,0.124190477,0.02164903194,0.124190477,1,725,0.03970233648,0.4435697933,0.1743211916,0.1526721597,0.124190477,0.01715710263,0.09842235744,0.7925113085,482,0.03970233648,0.4435697933,0.02576811956,0.2074886915,3.295700482,0.124190477,863,725,72,0.4433489647,0.03588343517,0.7627013164,0.2014152484,0.9329743735,0.06702562649,1.136897551e-11,0.6073590966,0.360939189,0.03170171443,3.295700482,0.1326367182,522,482,49,0.3025449878,0.1338324089,0.7337341109,0.1324334803,0.8991594948,0.1008405052,0.4450992679,0.4450491964,0.1098515357,,0.7088645013,0.7088645013,0.5490240971,0.2911354987,0.2911354987,725,725,3.295700482,3.295700482,1,1,0.03421436072,5.909883694e-12,0.008446241153,1.504149378,1.469387755,0.0979489737,0.1622598287,0.03381487868
San Antonio,493,2024-07-10 17:00:00,0.07381571949,0.06398994745,0.1331121895,0.009825772043,0.1331121895,1,743,0.0160701046,0.06692917,0.07381571949,0.06398994745,0.1331121895,0.007856948389,0.1064400434,0.7996265692,482,0.0160701046,0.06692917,0.0266721461,0.2003734308,1.50392933,0.1331121895,830,743,72,0.415464689,0.03407853095,0.7656347858,0.2002866833,0.9337737448,0.06622625516,2.486032053e-11,0.6136694774,0.3554559598,0.03087456288,1.50392933,0.1429370419,522,482,49,0.3025449878,0.1338324088,0.7337341109,0.1324334803,0.8991594948,0.1008405052,0.4450992679,0.4450491964,0.1098515357,,0.6926154726,0.6926154726,0.529771814,0.3073845274,0.3073845274,743,743,1.50392933,1.50392933,1,1,0.03649699849,2.526737153e-11,0.009824852369,1.541493776,1.469387755,0.0997538779,0.1685702095,0.03461425001
Philadelphia,656,2023-07-25 15:00:00,0.1611150664,0.1383885504,0.1410576712,0.02272651606,0.1410576712,1,1447,0.02881938331,0.50000027,0.1611150664,0.1383885504,0.1410576712,0.01842979708,0.1143890356,0.8109380702,949,0.02881938331,0.50000027,0.0266686356,0.1890619298,6.858020583,0.1410576712,1747,1447,140,0.3982305566,0.04656567963,0.6985171145,0.2549172058,0.9004229515,0.09957704844,1.252793185e-11,0.5325089292,0.3740313483,0.09345972249,6.858020583,0.150305187,1080,949,94,0.3460621245,0.1917757344,0.6660049913,0.1422192742,0.8373294155,0.1626705845,0.4333807575,0.4338904735,0.132728769,,0.7177222992,0.7177222992,0.5597245424,0.2822777008,0.2822777008,1447,1447,6.858020583,6.858020583,1,1,0.03591615139,-3.747471777e-11,0.009247515828,1.524762908,1.489361702,0.1452100548,0.09912817169,0.06309353602
San Antonio,498,2024-07-21 19:00:00,0.05579872396,0.04842086892,0.1322226481,0.007377855043,0.1322226481,1,683,0.01193186401,0.08792655667,0.05579872396,0.04842086892,0.1322226481,0.006009752877,0.1077041274,0.8145664074,462,0.01193186401,0.08792655667,0.0245185207,0.1854335926,1.11701441,0.1322226481,710,683,68,0.3455965856,0.02594157887,0.7614930687,0.2125653524,0.9382236334,0.06177636664,,0.6058428647,0.3471632042,0.04699393108,1.11701441,0.1412375366,497,462,49,0.2760063597,0.1250657559,0.7285944823,0.1463397618,0.9109003393,0.08909966071,0.4631052084,0.433563054,0.1033317376,,0.7048192492,0.7048192492,0.5441860132,0.2951807508,0.2951807508,683,683,1.11701441,1.11701441,1,1,0.03353340918,-1.328631649e-12,0.009014888479,1.478354978,1.387755102,0.09912417701,0.1427376563,0.02732329406
Chicago,159,2019-07-29 17:00:00,0.125480708,0.1076472383,0.1421212074,0.01783346973,0.1421212074,1,1476,0.01848159911,0.18110246,0.125480708,0.1076472383,0.1421212074,0.01457943829,0.1161886836,0.8175323425,932,0.01848159911,0.18110246,0.0259325238,0.1824676575,6.007195289,0.1423970771,1761,1476,135,0.4458654887,0.237454594,0.5869011486,0.1756442575,0.9074165646,0.09258343542,9.356110156e-12,0.569328318,0.3279473915,0.1027242905,6.007195289,0.1536731526,1088,932,83,0.3920045248,0.3926050156,0.5237246776,0.08367030682,0.8098484693,0.1901515307,0.4360086252,0.4592621264,0.1047292484,,0.6993093276,0.6993093276,0.5376446087,0.3006906724,0.3006906724,1476,1476,6.007195289,6.007195289,1,1,0.03748446895,0.0002758697048,0.01127607545,1.583690987,1.626506024,0.1551504216,0.1333196928,0.09756809525
Chicago,145,2019-07-02 20:00:00,0.1258245198,0.1109568609,0.1181618565,0.01486765885,0.1181618565,1,1370,0.02501185643,1.16141795,0.1258245198,0.1109568609,0.1181618565,0.01218664837,0.09685432053,0.8196750065,932,0.02501185643,1.16141795,0.02130753597,0.1803249935,4.923071805,0.1181618565,1633,1370,125,0.4444739529,0.2722048783,0.5718367154,0.1559584063,0.889794454,0.110205546,1.618146328e-11,0.5642420138,0.3550960564,0.08066192972,4.923071805,0.1255955058,1088,932,83,0.3920045247,0.3926050156,0.5237246776,0.08367030682,0.8098484693,0.1901515307,0.4360086252,0.4592621264,0.1047292484,,0.7413972015,0.7413972015,0.5890636842,0.2586027985,0.2586027985,1370,1370,4.923071805,4.923071805,1,1,0.02874118526,3.031708218e-11,0.007433649256,1.469957082,1.506024096,0.1204001373,0.1282333887,0.07994598466
Philadelphia,655,2023-07-21 04:00:00,0.06696318033,0.05726466631,0.1448335335,0.009698514025,0.1448335335,1,1522,0.01436661912,0.273622195,0.06696318033,0.05726466631,0.1448335335,0.007975534384,0.1191032795,0.8223460175,949,0.01436661912,0.273622195,0.025730254,0.1776539825,2.976763304,0.1451526121,1655,1522,148,0.3730113896,0.0531065045,0.6896751305,0.257218365,0.8924340574,0.1064526709,0.001113271696,0.5623499316,0.3577910821,0.07985898634,2.976763304,0.1569710525,1080,949,94,0.3460621245,0.1917757344,0.6660049913,0.1422192742,0.8373294155,0.1626705845,0.4333807575,0.4338904735,0.132728769,,0.6898791054,0.6898791054,0.5265766757,0.3101208946,0.3101208946,1522,1522,2.976763304,2.976763304,1,1,0.03786777297,0.0003190785581,0.01181844041,1.603793467,1.574468085,0.1386692299,0.1289691741,0.05621791352
Chicago,155,2019-07-21 12:00:00,0.1421726613,0.1250188178,0.1206550068,0.01715384342,0.1206550068,1,1369,0.02618788377,0.25196864,0.1421726613,0.1250188178,0.1206550068,0.01410729902,0.09922652422,0.8223987285,932,0.02618788377,0.25196864,0.02142848258,0.1776012715,5.686823028,0.1207063539,1675,1369,126,0.4527001389,0.2609076445,0.5813872001,0.1577051554,0.896172012,0.103827988,8.637287126e-12,0.5598495679,0.3412932216,0.09885721054,5.686823028,0.1283975779,1088,932,83,0.3920045247,0.3926050156,0.5237246776,0.08367030682,0.8098484693,0.1901515307,0.4360086252,0.4592621264,0.1047292484,,0.7395870325,0.7395870325,0.5867815165,0.2604129675,0.2604129675,1369,1369,5.686823028,5.686823028,1,1,0.02917105364,5.134714653e-05,0.007691223911,1.46888412,1.518072289,0.1316973711,0.1238409427,0.08632354271
Philadelphia,652,2023-07-19 06:00:00,0.08686271948,0.07461430067,0.1410089263,0.01224841585,0.1410088922,0.9999997582,1380,0.01343162498,0.05118113,0.08686271948,0.07461430067,0.1410089263,0.01022994341,0.1177713922,0.8352052266,949,0.01343162498,0.05118113,0.0232375,0.1647947734,3.671382131,0.1410089263,1614,1380,135,0.400501718,0.07257214941,0.6957812116,0.231646639,0.8814160478,0.1174706806,0.001113271691,0.5490238062,0.3949163514,0.05605984243,3.671382131,0.1492476517,1080,949,94,0.3460621245,0.1917757344,0.6660049913,0.1422192742,0.8373294155,0.1626705845,0.4333807575,0.4338904735,0.132728769,,0.746359363,0.746359363,0.5953535175,0.253640637,0.253640637,1380,1380,3.671382131,3.671382131,1,1,0.03147625949,3.406926352e-08,0.008238725416,1.454162276,1.436170213,0.119203585,0.1156430487,0.04519990392
New York,120,2019-06-21 04:00:00,0.05966038473,0.05213648155,0.1261122136,0.007523903183,0.1261122136,1,883,0.009006987358,0.48031522,0.05966038473,0.05213648155,0.1261122136,0.00631169305,0.1057937035,0.838885469,719,0.009006987358,0.48031522,0.0203185101,0.161114531,3.846498066,0.1261122136,1029,883,98,0.4354177159,0.6338697569,0.3131900564,0.05294018676,0.8586033603,0.1413966396,1.477870056e-11,0.2909617253,0.6382904297,0.07074784498,3.846498066,0.1329622137,823,719,78,0.3708087657,0.7083199741,0.2583080576,0.0333719683,0.8338497427,0.1661502573,0.3956297882,0.534974348,0.06939586378,,0.7861463381,0.786146338,0.6476450685,0.2138536619,0.213853662,883,883,3.846498066,3.846498066,1,1,0.02716851019,-5.452693852e-12,0.006850000097,1.228094576,1.256410256,0.07445021724,0.104668063,0.02475361762
New York,113,2019-06-19 10:00:00,0.05902898295,0.05206386475,0.1179948876,0.006965118209,0.1179948876,1,825,0.007086730324,0.00393701,0.05902898295,0.05206386475,0.1179948876,0.005875800273,0.09954093699,0.843603812,640,0.007086730324,0.00393701,0.01845395061,0.156396188,3.199223672,0.1179948876,914,825,80,0.4316680518,0.5933137805,0.3639971988,0.0426890207,0.9358342784,0.06416572164,4.96832903e-12,0.6252365872,0.340926634,0.03383677881,3.199223672,0.1229825019,728,640,66,0.3657839802,0.6502485703,0.3190796808,0.0306717489,0.8405545502,0.1594454498,0.5364693378,0.4119027392,0.05162792297,,0.7759609411,0.775960941,0.6339347878,0.2240390589,0.224039059,825,825,3.199223672,3.199223672,1,1,0.02344156492,6.193878743e-12,0.004987614307,1.2890625,1.212121212,0.05693478977,0.08876724941,0.09527972812
Chicago,156,2019-07-21 15:00:00,0.07596880961,0.06634878232,0.1266312759,0.009620027289,0.1266312759,1,1230,0.004635041928,0.07086618,0.07596880961,0.06634878232,0.1266312759,0.008198744221,0.1079225048,0.8522578964,890,0.004635041928,0.07086618,0.0187087711,0.1477421036,3.129048538,0.1267684611,1339,1230,109,0.3546074782,0.2571403144,0.5919434366,0.150916249,0.9213156212,0.07868437877,8.586052403e-13,0.5270110296,0.3550410227,0.1179479477,3.129048538,0.1327411122,1042,890,79,0.3664452317,0.3807249596,0.5316598996,0.08761514086,0.8129251526,0.1870748474,0.4476939603,0.4513559121,0.1009501276,,0.767334938,0.767334938,0.62250076,0.232665062,0.232665062,1230,1230,3.129048538,3.129048538,1,1,0.02481860744,0.0001371852128,0.005972651125,1.382022472,1.379746835,0.1235846452,0.09631488933,0.1083904686
San Antonio,504,2024-07-24 11:00:00,0.06417011406,0.05593204865,0.1283785378,0.008238065411,0.1283785378,1,623,0.01448938751,0.1482940433,0.06417011406,0.05593204865,0.1283785378,0.007119237014,0.1109431878,0.8641879688,478,0.01448938751,0.1482940433,0.01743535,0.1358120312,1.220918146,0.1283785378,657,623,65,0.3062686347,0.04348848046,0.7644643426,0.1920471769,0.9275384857,0.07246151428,,0.5665084359,0.3912608856,0.04223067849,1.220918146,0.1335910801,517,478,49,0.2940195467,0.1338324089,0.7258823999,0.1402851913,0.9014939243,0.09850607566,0.4467222019,0.4447469817,0.1085308164,,0.793088276,0.793088276,0.6571220249,0.206911724,0.206911724,623,623,1.220918146,1.220918146,1,1,0.02264789225,-2.919181563e-11,0.005212542284,1.30334728,1.326530612,0.09034392842,0.1197862341,0.02604456138
San Antonio,497,2024-07-19 12:00:00,0.06820293445,0.05869314606,0.1394337131,0.009509781867,0.1394336174,0.9999993135,658,0.01603436315,0.4540684867,0.06820293445,0.05869314606,0.1394337131,0.008219295701,0.120512347,0.8642984848,482,0.01603436315,0.4540684867,0.0189212704,0.1357015152,1.422791377,0.1398231751,706,658,66,0.3160173542,0.01266549229,0.7821305667,0.2052039411,0.9519717295,0.04802827047,1.625958249e-11,0.5183437615,0.3378281824,0.1438280561,1.422791377,0.1463546196,522,482,49,0.3024892882,0.1338324089,0.7336531214,0.1325144698,0.8991594948,0.1008405052,0.4451296389,0.4450087017,0.1098616594,,0.7518169903,0.7518169902,0.6023291331,0.2481830097,0.2481830098,658,658,1.422791377,1.422791377,1,1,0.02584227261,0.000389557666,0.00653144454,1.365145228,1.346938776,0.1211669166,0.1071805192,0.0528122347
San Antonio,494,2024-07-12 13:00:00,0.1079999845,0.09410697633,0.1286389832,0.01389300819,0.1286389832,1,637,0.01986233264,0.03018374333,0.1079999845,0.09410697633,0.1286389832,0.01203976339,0.1114793066,0.8666059377,482,0.01986233264,0.03018374333,0.0171596766,0.1333940623,2.060033306,0.1286389832,737,637,66,0.3658028712,0.03750134091,0.7698705409,0.1926281182,0.9275384857,0.0724615143,6.844903359e-12,0.5544887469,0.3856190401,0.05989221293,2.060033306,0.1338186877,522,482,49,0.3025449878,0.1338324089,0.7337341109,0.1324334803,0.8991594948,0.1008405052,0.4450992679,0.4450491964,0.1098515357,,0.7926780207,0.7926780206,0.6565589248,0.2073219793,0.2073219794,637,637,2.060033306,2.060033306,1,1,0.02233938112,-2.9242192e-11,0.005179704548,1.321576763,1.346938776,0.09633106795,0.1093894791,0.02837899087
Austin,490,2024-07-25 21:00:00,0.06749221661,0.05583143395,0.172772258,0.01166078266,0.172772258,1,495,0.01358562402,0.005905515,0.06749221661,0.05583143395,0.172772258,0.01019490994,0.1510531206,0.8742903654,386,0.01358562402,0.005905515,0.0217191374,0.1257096346,1.204869036,0.1731914847,524,495,47,0.3667152833,0.06005820285,0.689847442,0.2500943551,0.9657688342,0.03423116578,,0.3536721846,0.472967652,0.1733601634,1.204869036,0.1851141996,407,386,39,0.3533053491,0.1525599636,0.6461544079,0.2012856285,0.8962153663,0.1037846337,0.4274755681,0.4374073506,0.1351170813,,0.7814066011,0.7814066011,0.6412365287,0.2185933989,0.2185933989,495,495,1.204869036,1.204869036,1,1,0.03406107903,0.0004192267174,0.01192271491,1.28238342,1.205128205,0.09250176073,0.07380338343,0.06955346796
Austin,488,2024-07-23 15:00:00,0.08044947701,0.07111970567,0.1159705655,0.009329771343,0.1159705655,1,473,0.01805766215,0.084645715,0.08044947701,0.07111970567,0.1159705655,0.008174295595,0.1016078152,0.8761517613,386,0.01805766215,0.084645715,0.0143627503,0.1238482387,0.9527473834,0.1162323475,490,473,45,0.3074624366,0.03832064097,0.7238268557,0.2378525034,0.9558360647,0.04416393528,,0.5202088103,0.3939546663,0.08583652339,0.9527473834,0.1228103219,407,386,39,0.3528808167,0.1520893951,0.6461544079,0.201756197,0.8966859348,0.1033140652,0.4276602258,0.4371542807,0.1351854935,,0.7939559472,0.7939559472,0.6583142178,0.2060440528,0.2060440528,473,473,0.9527473834,0.9527473834,1,1,0.02120250674,0.0002617820349,0.006577974407,1.225388601,1.153846154,0.1137687541,0.09254858447,0.05915012995
Chicago,158,2019-07-29 13:00:00,0.2414585392,0.211221112,0.1252282371,0.0302374272,0.1252282371,1,1210,0.03362315382,0.41338605,0.2414585392,0.211221112,0.1252282371,0.02652906697,0.1098700715,0.8773586058,932,0.03362315382,0.41338605,0.0153581656,0.1226413942,9.754483207,0.1252282371,1523,1210,106,0.4650481531,0.3139993174,0.5599184208,0.1260822618,0.8825461931,0.1174538069,1.101874811e-11,0.5170672578,0.3951417646,0.08779097757,9.754483208,0.129677583,1088,932,83,0.3920045247,0.3926050156,0.5237246776,0.08367030682,0.8098484693,0.1901515307,0.4360086252,0.4592621264,0.1047292484,,0.8164568151,0.8164568151,0.6898411698,0.1835431849,0.1835431849,1210,1210,9.754483208,9.754483208,1,1,0.01980751147,2.049999059e-11,0.004449345848,1.298283262,1.277108434,0.07860569818,0.08105863265,0.07269772379
Philadelphia,644,2023-07-09 11:00:00,0.1110530288,0.09460058211,0.1481494643,0.01645244202,0.1481494219,0.999999714,1408,0.02620668832,0.809055555,0.1110530288,0.09460058211,0.1481494643,0.01443932988,0.1300219366,0.8776402753,949,0.02620668832,0.809055555,0.0181274853,0.1223597247,5.051169418,0.1509844233,1597,1408,136,0.4389953468,0.112885938,0.6611016119,0.2260124501,0.8977536122,0.1022463878,8.396447088e-12,0.3358224077,0.4895626126,0.1746149797,5.051169419,0.160610105,1080,949,94,0.3460621245,0.1917757344,0.6660049913,0.1422192742,0.8373294155,0.1626705845,0.4333807575,0.4338904735,0.132728769,,0.7185739563,0.7185739563,0.5607611612,0.2814260437,0.2814260437,1408,1408,5.051169419,5.051169419,1,1,0.03058816839,0.002835001372,0.009625681715,1.483667018,1.446808511,0.08379317585,0.09755834986,0.06042419664
Philadelphia,649,2023-07-16 10:00:00,0.07318801366,0.06262764503,0.1442909584,0.01056036863,0.1442909584,1,1256,0.01069273532,0.61811057,0.07318801366,0.06262764503,0.1442909584,0.009269338461,0.1266510457,0.8777476225,949,0.01069273532,0.61811057,0.0176399127,0.1222523775,3.112940798,0.1442909584,1466,1256,123,0.3919047473,0.1045863006,0.6872318333,0.2081818661,0.8758973597,0.1241026403,2.638741961e-11,0.5313181012,0.3918637239,0.07681817495,3.112940798,0.1501904227,1080,949,94,0.3460621245,0.1917757344,0.6660049913,0.1422192742,0.8373294155,0.1626705845,0.4333807575,0.4338904735,0.132728769,,0.8073828377,0.8073828377,0.6769840844,0.1926171623,0.1926171623,1256,1256,3.112940798,3.112940798,1,1,0.02353937701,-2.657168929e-11,0.005899464333,1.323498419,1.308510638,0.08718943382,0.09793734364,0.03856794419
Chicago,153,2019-07-18 08:00:00,0.3599332252,0.3078286765,0.1447617086,0.05210454866,0.1447617086,1,1272,0.04130670755,1.42913463,0.3599332252,0.3078286765,0.1447617086,0.04583441703,0.1273414451,0.8796624903,932,0.04130670755,1.42913463,0.0174202635,0.1203375097,16.98127064,0.1447661906,1754,1272,111,0.4987254939,0.2744325301,0.5888570658,0.1367104041,0.8867192047,0.1132807953,7.652840579e-12,0.5202253717,0.3580966911,0.1216779372,16.98127064,0.1514437853,1088,932,83,0.3920045247,0.3926050156,0.5237246776,0.08367030682,0.8098484693,0.1901515307,0.4360086252,0.4592621264,0.1047292484,,0.7804209563,0.7804209563,0.639910107,0.2195790437,0.2195790437,1272,1272,16.98127064,16.98127064,1,1,0.02410234023,4.482014808e-06,0.006677594712,1.364806867,1.337349398,0.1181724855,0.1011654353,0.07687073533
Austin,483,2024-07-21 17:00:00,0.09318860247,0.08304424524,0.108858347,0.01014435723,0.108858347,1,467,0.02164519741,0.29133874,0.09318860247,0.08304424524,0.108858347,0.008924639414,0.0957696454,0.8797639134,386,0.02164519741,0.29133874,0.0130887016,0.1202360866,1.029055543,0.1088678388,526,467,45,0.3536319749,0.03309018827,0.7318619768,0.2350478349,0.954299405,0.04570059503,1.262967288e-11,0.5094232423,0.403443367,0.08713339067,1.029055544,0.1145063575,407,386,39,0.3533053491,0.1525599636,0.6461544079,0.2012856285,0.8962153663,0.1037846337,0.4274755681,0.4374073507,0.1351170813,,0.8101940181,0.810194018,0.6809463311,0.1898059819,0.189805982,467,467,1.029055544,1.029055544,1,1,0.01873671206,9.491755604e-06,0.005638518703,1.20984456,1.153846154,0.1194697753,0.08194767426,0.05808403871
Austin,489,2024-07-23 19:00:00,0.03867617163,0.03375246942,0.1273058319,0.004923702204,0.1273058319,1,260,0.002355466562,0.12598432,0.03867617163,0.03375246942,0.1273058319,0.004335279099,0.1120917329,0.8804917355,209,0.002355466562,0.12598432,0.015214099,0.1195082645,0.4440993661,0.127625183,265,260,28,0.2687848652,0.02774471027,0.697920112,0.2743351777,0.9700419572,0.02995804282,,0.4828936547,0.3939627697,0.1231435756,0.4440993661,0.1328076672,219,209,23,0.309646592,0.1439160881,0.6480652478,0.2080186642,0.9255160818,0.07448391822,0.4760134429,0.4257466955,0.09823986159,,0.8195887699,0.8195887699,0.694324782,0.1804112301,0.1804112301,260,260,0.4440993661,0.4440993661,1,1,0.02071593434,0.0003193510681,0.005182484276,1.244019139,1.217391304,0.1161713778,0.03178392584,0.0445258754
New York,108,2019-06-16 19:00:00,0.2806178036,0.2373843547,0.1540652389,0.04323344894,0.1540652389,1,1815,0.02595726488,0.03018374333,0.2806178036,0.2373843547,0.1540652389,0.0382123133,0.1361720918,0.8838599334,1390,0.02595726488,0.03018374333,0.0178931471,0.1161400666,23.70961504,0.1540652389,2351,1815,155,0.5143521457,0.6019626852,0.3406751299,0.05736218488,0.8757957177,0.1242042823,3.896617814e-12,0.578401592,0.3491039568,0.07249445122,23.70961504,0.162116097,1644,1390,127,0.4088570263,0.6616840304,0.2993929499,0.03892301971,0.7760369265,0.2085834961,0.4832827882,0.4461722302,0.07054498161,0.01537957742,0.778717438,0.778717438,0.6376226619,0.221282562,0.221282562,1815,1815,23.70961504,23.70961504,1,1,0.02594400516,-3.455638553e-11,0.008050858098,1.305755396,1.220472441,0.05972134518,0.09706827336,0.09975879118
Austin,478,2024-07-06 17:00:00,0.1342685328,0.1197952744,0.1077933755,0.01447325838,0.1077933755,1,453,0.02623511767,1.27165423,0.1342685328,0.1197952744,0.1077933755,0.01283068919,0.09555991207,0.8865100625,386,0.02623511767,1.27165423,0.01223346343,0.1134899375,1.459143153,0.1077933755,512,453,44,0.3633146003,0.0505708547,0.7194513538,0.2299777915,0.9564753684,0.04352463163,9.035320506e-12,0.5027158191,0.4008836609,0.09640052002,1.459143153,0.1126878882,407,386,39,0.3533053492,0.1525599636,0.6461544079,0.2012856285,0.8962153663,0.1037846337,0.4274755681,0.4374073507,0.1351170813,,0.8287197583,0.8287197583,0.7075332861,0.1712802417,0.1712802417,453,453,1.459143153,1.459143153,1,1,0.01712797611,1.475880529e-11,0.004894512663,1.17357513,1.128205128,0.1019891089,0.07524025107,0.0602600021
Philadelphia,659,2023-07-29 19:00:00,0.046383602,0.03917984786,0.1553082087,0.00720375414,0.1553082087,1,1098,0.00879234695,0.12598432,0.046383602,0.03917984786,0.1553082087,0.006410603235,0.138208396,0.8898975604,796,0.00879234695,0.12598432,0.0170998127,0.1101024396,2.079031254,0.1565699702,1176,1098,110,0.2649832339,0.03517968823,0.7268567435,0.2379635683,0.9096274354,0.0903725646,,0.4592181772,0.4131904288,0.127591394,2.079031255,0.1623112767,910,796,79,0.2889143558,0.1706436304,0.6871603296,0.14219604,0.8492788039,0.1507211961,0.444960955,0.4290283283,0.1260107166,,0.7735950638,0.7735950638,0.6307827382,0.2264049362,0.2264049362,1098,1098,2.079031254,2.079031254,1,1,0.02410288071,0.001261761468,0.005741306537,1.379396985,1.392405063,0.1354639421,0.0158378995,0.06034863152
Austin,482,2024-07-18 08:00:00,0.1898500668,0.1689173774,0.110259057,0.02093268933,0.110259057,1,460,0.04297045833,0.513779805,0.1898500668,0.1689173774,0.110259057,0.01865575569,0.09826573152,0.8912259384,386,0.04297045833,0.513779805,0.01199332548,0.1087740616,2.117400717,0.1104770817,520,460,44,0.3536106515,0.02817426809,0.7393743828,0.2324513491,0.9566908339,0.04330916614,,0.4959366068,0.3932472692,0.110816124,2.117400717,0.1156500656,407,386,39,0.3533053491,0.1525599636,0.6461544079,0.2012856285,0.8962153663,0.1037846337,0.4274755681,0.4374073506,0.1351170813,,0.8286849784,0.8286849784,0.7074825841,0.1713150216,0.1713150216,460,460,2.117400717,2.117400717,1,1,0.01738433407,0.0002180247286,0.005172983863,1.191709845,1.128205128,0.1243856955,0.06846103872,0.06047546759
New York,104,2019-06-11 05:00:00,0.514244662,0.4377484059,0.1487545945,0.07649625616,0.1487545945,1,1787,0.04681591781,0.3412075333,0.514244662,0.4377484059,0.1487545945,0.06850762205,0.1332198992,0.8955682996,1390,0.04681591781,0.3412075333,0.0155346953,0.1044317004,41.71031263,0.1489977587,2380,1787,152,0.5343639381,0.6144055647,0.3319236906,0.05367074476,0.8839254467,0.1160745533,1.630011857e-11,0.5595545184,0.3595022555,0.08094322612,41.71031263,0.1556289941,1644,1390,127,0.4088570263,0.6616840304,0.2993929499,0.03892301971,0.7760369265,0.2085834961,0.4832827882,0.4461722302,0.07054498161,0.01537957742,0.8025795054,0.8025795054,0.6702570309,0.1974204946,0.1974204946,1787,1787,41.71031263,41.71031263,1,1,0.0224090949,0.0002431642372,0.006631235362,1.285611511,1.196850394,0.04727846572,0.08666997466,0.1078885202
Houston,61,2019-04-24 21:00:00,0.3590268447,0.3163541306,0.1188566112,0.04267271408,0.1188566112,1,467,0.03057047768,0.01181103,0.3590268447,0.3163541306,0.1188566112,0.03824384118,0.1065208403,0.8962130017,324,0.03057047768,0.01181103,0.0123357709,0.1037869983,6.450370683,0.119218974,645,467,40,0.5510629034,0.4512086753,0.4546492725,0.09414205228,0.9424174548,0.05758254523,5.212494255e-12,0.5402934798,0.3648530619,0.09485345829,6.450370683,0.1241810236,381,324,26,0.4062996178,0.559875039,0.3864228236,0.05370213742,0.8200572543,0.1799427457,0.4739474168,0.4539209863,0.07213159684,,0.7916410491,0.7916410491,0.6551373236,0.2083589509,0.2083589509,467,467,6.450370683,6.450370683,1,1,0.0176601833,0.0003623627715,0.004962049633,1.441358025,1.538461538,0.1086663637,0.08906792443,0.1223602005
San Antonio,505,2024-07-25 17:00:00,0.06805121557,0.05792907057,0.1487430447,0.010122145,0.1487430447,1,633,0.009153059049,0.00393701,0.06805121557,0.05792907057,0.1487430447,0.009075540714,0.1333633887,0.89660252,482,0.009153059049,0.00393701,0.015379656,0.10339748,1.507392202,0.1493388172,716,633,65,0.3523253303,0.02963539199,0.7782518388,0.1921127692,0.93322352,0.06677647999,2.170448609e-11,0.5362231611,0.3083796499,0.155397189,1.507392202,0.1554019968,522,482,49,0.3025449878,0.1338324088,0.7337341109,0.1324334803,0.8991594948,0.1008405052,0.4450992679,0.4450491964,0.1098515357,,0.7855556396,0.7855556396,0.6468436638,0.2144443604,0.2144443604,633,633,1.507392202,1.507392202,1,1,0.02203860815,0.0005957724672,0.006063179682,1.313278008,1.326530612,0.1041970168,0.1366695465,0.03406402518
Houston,52,2019-04-04 01:00:00,0.08955559994,0.07977768457,0.1091826237,0.009777910482,0.1091825691,0.9999995003,441,0.01393183624,0.58267748,0.08955559994,0.07977768457,0.1091826237,0.008814654596,0.09842661545,0.9014860801,322,0.01393183624,0.58267748,0.01075595365,0.0985139199,1.504974668,0.1102992707,481,441,38,0.4395909492,0.5024047922,0.4029174675,0.09467774036,0.909114647,0.09088535296,5.557643701e-12,0.3525117774,0.5528286544,0.09465956827,1.504974668,0.1161613939,379,322,26,0.4038665884,0.5600780527,0.3862993651,0.05362258218,0.8200572543,0.1799427457,0.4757707412,0.4542014204,0.07002783838,,0.7741378121,0.7741378121,0.6315047643,0.2258621879,0.2258621879,441,441,1.504974668,1.504974668,1,1,0.01773477846,0.001116701586,0.005862123224,1.369565217,1.461538462,0.0576732605,0.1232589638,0.08905739273
Austin,481,2024-07-13 14:00:00,0.04695458667,0.0404420913,0.1386977466,0.006512495365,0.1386977466,1,354,0.005791424598,0.02755907,0.04695458667,0.0404420913,0.1386977466,0.005871828032,0.125053343,0.9016249076,296,0.005791424598,0.02755907,0.0136444036,0.0983750924,0.6243899333,0.1386977466,359,354,36,0.2649524185,0.02924593846,0.7176056805,0.253148381,0.9797887704,0.02021122961,,0.4950404218,0.4090556706,0.09590390763,0.6243899334,0.1437786308,309,296,32,0.3116281143,0.1462296923,0.6429916373,0.2107786704,0.913515582,0.08648441801,0.446100062,0.4252674767,0.1286324613,,0.830542029,0.830542029,0.7101939956,0.169457971,0.169457971,354,354,0.6243899333,0.6243899333,1,1,0.01872528779,3.654304637e-11,0.005080884153,1.195945946,1.125,0.1169837538,0.04894035985,0.06627318841
San Antonio,496,2024-07-18 12:00:00,0.1142010555,0.09900465614,0.133067066,0.01519639939,0.133067066,1,554,0.02527631584,0.02362206,0.1142010555,0.09900465614,0.133067066,0.01373408301,0.1202623123,0.9037721801,482,0.02527631584,0.02362206,0.0128047537,0.0962278199,2.210856024,0.133067066,656,554,59,0.3278207371,0.04190292793,0.7989326053,0.1591644668,0.9067659362,0.09323406376,1.165653531e-11,0.5209286656,0.3781612001,0.1009101343,2.210856024,0.1358177593,522,482,49,0.3025449878,0.1338324089,0.7337341109,0.1324334803,0.8991594948,0.1008405052,0.4450992679,0.4450491964,0.1098515357,,0.8624522988,0.8624522988,0.7581680292,0.1375477012,0.1375477012,554,554,2.210856024,2.210856024,1,1,0.01555544698,-1.690053653e-11,0.0027506933,1.149377593,1.204081633,0.09192948092,0.07582939771,0.007606441417
Philadelphia,648,2023-07-16 04:00:00,0.08146607583,0.06766638073,0.1693919213,0.0137996951,0.1693919213,1,1242,0.01069273532,0.50787429,0.08146607583,0.06766638073,0.1693919213,0.01248359889,0.1532367769,0.9046286021,949,0.01069273532,0.50787429,0.0161551444,0.0953713979,4.075417135,0.1706552846,1442,1242,123,0.3562834756,0.06826278936,0.7229823793,0.2087548313,0.8862527458,0.1137472542,7.915129345e-12,0.3733682417,0.4683336054,0.1582981529,4.075417135,0.1766471393,1080,949,94,0.3460621245,0.1917757344,0.6660049913,0.1422192742,0.8373294155,0.1626705845,0.4333807575,0.4338904735,0.132728769,,0.7973421967,0.7973421966,0.6629834309,0.2026578033,0.2026578034,1242,1242,4.075417135,4.075417135,1,1,0.02341036241,0.001263363301,0.005991854709,1.308746048,1.308510638,0.1235129451,0.06001251581,0.04892333024
Austin,479,2024-07-12 13:00:00,0.1559423619,0.135740448,0.1295473124,0.02020191387,0.1295473124,1,439,0.02521753832,0.01574804,0.1559423619,0.135740448,0.1295473124,0.01834502363,0.1176397703,0.9080834497,386,0.02521753832,0.01574804,0.0119075421,0.0919165503,2.026517436,0.1297859382,490,439,43,0.3383790625,0.04317841781,0.7307439154,0.2260776668,0.955605767,0.04439423298,4.283316673e-12,0.4686898037,0.3801412527,0.1511689437,2.026517436,0.134753427,407,386,39,0.3533053491,0.1525599635,0.6461544079,0.2012856285,0.8962153663,0.1037846337,0.4274755681,0.4374073506,0.1351170813,,0.863839246,0.863839246,0.7603142803,0.136160754,0.136160754,439,439,2.026517436,2.026517436,1,1,0.01711365668,0.0002386257856,0.004967488795,1.137305699,1.102564103,0.1093815457,0.05726609799,0.05939040074
Austin,487,2024-07-23 11:00:00,0.2254069291,0.2005184667,0.1104156935,0.02488846239,0.1104156935,1,430,0.03052262292,0.490157745,0.2254069291,0.2005184667,0.1104156935,0.02274652472,0.1009131565,0.9139385295,386,0.03052262292,0.490157745,0.009502537,0.0860614705,2.479363013,0.1104156935,514,430,42,0.4037329658,0.07744196301,0.6974963427,0.2250616943,0.9398765583,0.06012344166,3.044710292e-12,0.4885518279,0.3918928427,0.1195553294,2.479363013,0.1140581801,407,386,39,0.3533053491,0.1525599636,0.6461544079,0.2012856285,0.8962153663,0.1037846337,0.4274755681,0.4374073506,0.1351170813,,0.8709553859,0.8709553859,0.7714091852,0.1290446141,0.1290446141,430,430,2.479363013,2.479363013,1,1,0.0131450236,-1.159322638e-12,0.0036424866,1.113989637,1.076923077,0.07511800056,0.06107625983,0.04366119207
San Antonio,508,2024-07-28 09:00:00,0.1624977201,0.1401648984,0.1374346769,0.02233282166,0.1374346769,1,567,0.02986680471,0.56299243,0.1624977201,0.1401648984,0.1374346769,0.02053654289,0.1263804986,0.9195677649,482,0.02986680471,0.56299243,0.0110541783,0.0804322351,3.263491779,0.1374346769,682,567,60,0.344124031,0.03256375996,0.801814532,0.165621708,0.9071282826,0.0928717174,9.234618232e-12,0.5176607564,0.3871239212,0.09521532239,3.263491779,0.1408969101,522,482,49,0.3025449878,0.1338324089,0.7337341109,0.1324334803,0.8991594948,0.1008405052,0.4450992679,0.4450491964,0.1098515357,,0.8467614949,0.8467614949,0.7342466378,0.1532385051,0.1532385051,567,567,3.263491779,3.263491779,1,1,0.0145164115,-1.127314908e-11,0.003462233215,1.176348548,1.224489796,0.1012686489,0.0725614885,0.007968787772
New York,109,2019-06-18 07:00:00,0.7345846597,0.6259726094,0.1478550483,0.1086120503,0.1478550483,1,1681,0.06813897394,0.1036745967,0.7345846597,0.6259726094,0.1478550483,0.1001281636,0.1363058189,0.9218881633,1390,0.06813897394,0.1036745967,0.0115492294,0.0781118367,58.20723774,0.1478550483,2269,1681,142,0.530309428,0.6373766708,0.315249543,0.04737378629,0.8892690317,0.1107309683,8.790466154e-12,0.52717477,0.4058988072,0.06692642281,58.20723774,0.1520379457,1644,1390,127,0.4088570263,0.6616840304,0.2993929499,0.03892301971,0.7760369265,0.2085834961,0.4832827882,0.4461722302,0.07054498161,0.01537957742,0.8513808025,0.8513808025,0.7412211152,0.1486191975,0.1486191975,1681,1681,58.20723774,58.20723774,1,1,0.01573212684,-7.830958104e-12,0.004182897448,1.209352518,1.118110236,0.02430735961,0.04389198174,0.1132321052
Austin,484,2024-07-22 14:00:00,0.1084480967,0.09424006269,0.1310122947,0.014208034,0.1310122947,1,442,0.01704210899,0.005905515,0.1084480967,0.09424006269,0.1310122947,0.01313548082,0.1211222808,0.9245107958,386,0.01704210899,0.005905515,0.0098900139,0.0754892042,1.429619699,0.1313100829,485,442,43,0.3549523637,0.06890684399,0.7037540235,0.2273391325,0.969707314,0.03029268594,1.093546117e-11,0.4350025192,0.3952025004,0.1697949805,1.429619699,0.1366948558,407,386,39,0.3533053491,0.1525599636,0.6461544079,0.2012856285,0.8962153663,0.1037846337,0.4274755681,0.4374073506,0.1351170813,,0.8663483305,0.8663483305,0.7642103424,0.1336516695,0.1336516695,442,442,1.429619699,1.429619699,1,1,0.01557257498,0.0002977881893,0.005384772893,1.14507772,1.102564103,0.08365311958,0.0422048503,0.07349194778
New York,111,2019-06-18 23:00:00,0.2995702587,0.2645951538,0.1167509254,0.03497510492,0.1167509254,1,1591,0.007086730324,0.00787402,0.2995702587,0.2645951538,0.1167509254,0.03249544837,0.1084735464,0.9291022412,1390,0.007086730324,0.00787402,0.008277379,0.0708977588,18.59735783,0.1167509254,2051,1591,136,0.4870193082,0.6269670636,0.3276136217,0.04541931469,0.8262508141,0.1737491859,8.171616968e-12,0.5468325988,0.4045717135,0.04859568771,18.59735783,0.1191158106,1644,1390,127,0.4088570263,0.6616840304,0.2993929499,0.03892301971,0.7760369265,0.2085834961,0.4832827882,0.4461722302,0.07054498161,0.01537957742,0.8745161354,0.8745161354,0.7770134809,0.1254838646,0.1254838646,1591,1591,18.59735783,18.59735783,1,1,0.01064226418,-2.260179544e-11,0.002364885205,1.144604317,1.070866142,0.03471696671,0.06354981055,0.05021388754
Chicago,157,2019-07-29 10:00:00,0.2829050771,0.2447975063,0.1347009082,0.03810757082,0.1347009082,1,1105,0.03362315382,0.09055123,0.2829050771,0.2447975063,0.1347009082,0.03543554389,0.1252559489,0.9298819926,932,0.03362315382,0.09055123,0.0094449593,0.0701180074,12.0773303,0.1348162167,1442,1105,99,0.4759096782,0.336362576,0.5526175114,0.1110199126,0.8718803516,0.1281196484,3.790068235e-12,0.4747960034,0.4318170595,0.09338693708,12.0773303,0.1370356023,1088,932,83,0.3920045248,0.3926050156,0.5237246776,0.08367030682,0.8098484693,0.1901515307,0.4360086252,0.4592621264,0.1047292484,,0.8865400477,0.8865400476,0.7962029041,0.1134599523,0.1134599524,1105,1105,12.0773303,12.0773303,1,1,0.01177965344,0.0001153085219,0.002219385616,1.185622318,1.192771084,0.05624243954,0.03878737822,0.06203188229
Austin,480,2024-07-12 15:00:00,0.1171135872,0.1024962322,0.1248134854,0.01461735501,0.1248134854,1,427,0.0164342092,0.05118113,0.1171135872,0.1024962322,0.1248134854,0.0136193337,0.116291662,0.9317235363,386,0.0164342092,0.05118113,0.0085218234,0.0682764637,1.452910912,0.1250897536,489,427,42,0.3796633924,0.0801948498,0.6975881641,0.2222169861,0.9642500968,0.03574990323,1.132151747e-12,0.4504740765,0.4132954501,0.1362304734,1.452910912,0.1286427406,407,386,39,0.3533053491,0.1525599636,0.6461544079,0.2012856285,0.8962153663,0.1037846337,0.4274755681,0.4374073506,0.1351170813,,0.8878998997,0.8878998997,0.7983992623,0.1121001003,0.1121001003,427,427,1.452910912,1.452910912,1,1,0.01235107862,0.0002762681698,0.003552987048,1.106217617,1.076923077,0.07236511378,0.02411190058,0.0680347305
San Antonio,509,2024-07-28 16:00:00,0.05787973292,0.04949538773,0.1448580491,0.008384345193,0.1448580491,1,533,0.004199071565,0.01049869333,0.05787973292,0.04949538773,0.1448580491,0.007846632053,0.135567869,0.9358670084,477,0.004199071565,0.01049869333,0.0092901801,0.0641329916,1.214792663,0.1448580491,576,533,58,0.2511324698,0.04784753765,0.7893168228,0.1628356395,0.9062690764,0.09373092364,,0.4808639507,0.408323454,0.1108125953,1.214792663,0.1473780438,516,477,49,0.2930346125,0.1338324088,0.7253736047,0.1407939864,0.9014939243,0.09850607566,0.4473195317,0.4440630205,0.1086174478,,0.8818788086,0.8818788086,0.7887148687,0.1181211914,0.1181211914,533,533,1.214792663,1.214792663,1,1,0.01181017476,-1.351652124e-11,0.002519994676,1.117400419,1.183673469,0.0859848712,0.03573956641,0.00477515202
Chicago,150,2019-07-16 04:00:00,0.08333075424,0.0723885248,0.1313108172,0.01094222944,0.1313108172,1,1083,0.01441790021,0.05905515,0.08333075424,0.0723885248,0.1313108172,0.01024567632,0.1229519211,0.9363426691,930,0.01441790021,0.05905515,0.0083588961,0.0636573309,3.463301657,0.1313108172,1228,1083,96,0.3897515205,0.3430716867,0.5430920319,0.1138362814,0.8571019203,0.1428980797,4.52501063e-12,0.4775456271,0.439623852,0.08283052091,3.463301657,0.1334533675,1084,930,83,0.3859763223,0.3895421871,0.522802207,0.08765560588,0.8114505757,0.1885494243,0.4377613778,0.4600177266,0.1022208956,,0.8983860589,0.8983860588,0.8155180552,0.1016139411,0.1016139412,1083,1083,3.463301657,3.463301657,1,1,0.01050144639,3.370112522e-11,0.00214255026,1.164516129,1.156626506,0.04647050036,0.03978424926,0.04565134468
New York,107,2019-06-16 03:00:00,0.3743013216,0.3240869446,0.1341549552,0.05021437702,0.1341549552,1,1643,0.02734209638,0.03412075333,0.3743013216,0.3240869446,0.1341549552,0.04702847994,0.1256433713,0.9365540854,1390,0.02734209638,0.03412075333,0.0085115839,0.0634459146,26.86712664,0.1342994258,2135,1643,137,0.5046814904,0.634168096,0.3199207708,0.0459111332,0.8647417874,0.1352582126,4.994840892e-12,0.5456717283,0.3833544221,0.07097384956,26.86712664,0.137726249,1644,1390,127,0.4088570263,0.6616840304,0.2993929499,0.03892301971,0.7760369265,0.2085834961,0.4832827882,0.4461722302,0.07054498161,0.01537957742,0.863447831,0.863447831,0.7597080492,0.136552169,0.136552169,1643,1643,26.86712664,26.86712664,1,1,0.01208287771,0.0001444705871,0.003426823219,1.182014388,1.078740157,0.02751593439,0.06281780807,0.08870486092
Austin,492,2024-07-28 09:00:00,0.1299120167,0.1145169576,0.1185037345,0.01539505913,0.1185037345,1,420,0.01758517343,0.076771695,0.1299120167,0.1145169576,0.1185037345,0.01443431795,0.1111084126,0.9375941871,386,0.01758517343,0.076771695,0.0073953219,0.0624058129,1.517016101,0.1191360723,461,420,42,0.3576726325,0.09402844277,0.6870577144,0.2189138428,0.9550409491,0.04495905089,,0.4568180656,0.4170231879,0.1261587465,1.517016101,0.1210861435,407,386,39,0.3533053492,0.1525599636,0.6461544079,0.2012856285,0.8962153663,0.1037846337,0.4274755681,0.4374073507,0.1351170813,,0.902853862,0.902853862,0.8229112154,0.09714613802,0.09714613805,420,420,1.517016101,1.517016101,1,1,0.00997773092,0.0006323378364,0.001950071183,1.088082902,1.076923077,0.05853152082,0.02934249753,0.05882558285
San Antonio,503,2024-07-24 09:00:00,0.0637757722,0.05523278521,0.1339534857,0.008542986988,0.1339534857,1,535,0.01448938751,0.00393701,0.0637757722,0.05523278521,0.1339534857,0.008061840042,0.1264091326,0.9436793072,478,0.01448938751,0.00393701,0.0075443531,0.0563206928,1.236696285,0.1339534772,583,535,58,0.2902108639,0.07660378063,0.7630045362,0.1603916832,0.920804611,0.07919538902,,0.5000013008,0.3993381873,0.1006605119,1.236696285,0.1361329143,518,478,49,0.2952718089,0.1338324089,0.7271697525,0.1389978386,0.9003064468,0.09969355316,0.4466452844,0.445043094,0.1083116216,,0.8926961603,0.8926961603,0.8061889865,0.1073038397,0.1073038397,535,535,1.236696285,1.236696285,1,1,0.009723781718,-8.468429596e-09,0.002179437087,1.119246862,1.183673469,0.05722862825,0.05335601642,0.02049816414
Philadelphia,651,2023-07-18 11:00:00,0.09123606506,0.07674684299,0.1588102475,0.01448922207,0.1588102475,1,1202,0.01025791362,0.01574804,0.09123606506,0.07674684299,0.1588102475,0.01375269422,0.1507374765,0.9491671912,949,0.01025791362,0.01574804,0.008072771,0.0508328088,4.296730118,0.1608442649,1443,1202,115,0.4437430141,0.1639485414,0.6516448316,0.1844066271,0.8707465836,0.1292534164,1.660836722e-11,0.385126271,0.4529675914,0.1619061376,4.296730118,0.166296408,1080,949,94,0.3460621245,0.1917757344,0.6660049913,0.1422192742,0.8373294155,0.1626705845,0.4333807575,0.4338904735,0.132728769,,0.8329685494,0.8329685494,0.7137498727,0.1670314506,0.1670314506,1202,1202,4.296730118,4.296730118,1,1,0.01555893148,0.002034017373,0.005452143104,1.266596417,1.223404255,0.04218735281,0.04825448655,0.03341716806
New York,121,2019-06-25 07:00:00,0.5339519264,0.4678503907,0.1237967923,0.06610153571,0.1237967923,1,1576,0.04783041442,0.4973755967,0.5339519264,0.4678503907,0.1237967923,0.06275669246,0.1175324769,0.9493984034,1390,0.04783041442,0.4973755967,0.0062643154,0.0506015966,35.07910644,0.1238738574,1993,1576,135,0.4877573794,0.6468881064,0.3101041432,0.04300775038,0.8582685229,0.1417314771,4.964808346e-12,0.5311512048,0.3934779257,0.07537086948,35.07910644,0.126055913,1644,1390,127,0.4088570263,0.6616840304,0.2993929499,0.03892301971,0.7760369265,0.2085834961,0.4832827882,0.4461722302,0.07054498161,0.01537957742,0.8926013696,0.8926013696,0.8060343811,0.1073986304,0.1073986304,1576,1576,35.07910644,35.07910644,1,1,0.008523436091,7.706507347e-05,0.002182055618,1.13381295,1.062992126,0.01479592393,0.05269430448,0.08223159644
New York,105,2019-06-13 08:00:00,0.2561590109,0.2308547871,0.09878326619,0.02530422376,0.09878326619,1,1521,0.03122607429,0.4317587633,0.2561590109,0.2308547871,0.09878326619,0.02405556721,0.09390872931,0.9506542244,1390,0.03122607429,0.4317587633,0.00487453688,0.0493457756,13.3353173,0.09878326619,2012,1521,132,0.4910964877,0.6412924587,0.3162828145,0.04242472683,0.8144190887,0.1842830569,0.001297854408,0.5204019537,0.4309638879,0.04863415849,13.3353173,0.09988736896,1644,1390,127,0.4088570263,0.6616840304,0.2993929499,0.03892301971,0.7760369265,0.2085834961,0.4832827882,0.4461722302,0.07054498161,0.01537957742,0.9165582444,0.9165582443,0.8459690976,0.08344175564,0.08344175567,1521,1521,13.3353173,13.3353173,1,1,0.005978639653,2.021938172e-12,0.001104102771,1.094244604,1.039370079,0.02039157171,0.03711916543,0.03838216222
Philadelphia,658,2023-07-29 09:00:00,0.0198147851,0.01730577306,0.126623227,0.002509012031,0.126623227,1,686,0.00879234695,0.01574804,0.0198147851,0.01730577306,0.126623227,0.002387078241,0.1204695498,0.9514016716,643,0.00879234695,0.01574804,0.0061536772,0.0485983284,1.249107647,0.126623227,756,686,195,0.2945190836,0.06536864758,0.6019063007,0.3327250517,0.8688335377,0.1293405625,0.001825899751,0,0.06093699092,0.9390630091,1.249107647,0.1278315465,705,643,187,0.332270881,0.1451217418,0.546190442,0.3086878162,0.8752773604,0.1247226396,0,0.05775907368,0.9422409263,,0.9202469058,0.9202469057,0.8522753124,0.07975309423,0.07975309425,686,686,1.249107647,1.249107647,1,1,0.007361996677,1.229724655e-11,0.001208319465,1.066874028,1.042780749,0.07975309421,0.00317791724,0.006443822659
Houston,62,2019-04-30 03:00:00,0.4064162998,0.3585033474,0.1178913158,0.04791295236,0.1178913158,1,390,0.03738240115,0.01181103,0.4064162998,0.3585033474,0.1178913158,0.04603077072,0.1132601491,0.9607166425,324,0.03738240115,0.01181103,0.0046311667,0.0392833575,7.008516945,0.1181016749,510,390,32,0.5176269522,0.5260877816,0.395440253,0.07847196537,0.8905999657,0.1094000343,6.668440199e-12,0.5033302885,0.4166232315,0.08004648008,7.008516945,0.1191934787,381,324,26,0.4062996178,0.559875039,0.3864228236,0.05370213742,0.8200572543,0.1799427457,0.4739474168,0.4539209863,0.07213159684,,0.9158418525,0.9158418526,0.8447493151,0.08415814746,0.08415814745,390,390,7.008516945,7.008516945,1,1,0.005933329589,0.0002103590707,0.001091803818,1.203703704,1.230769231,0.03378725735,0.03729775485,0.07054271143
Houston,60,2019-04-18 05:00:00,0.457149008,0.4142356062,0.09387180327,0.04291340174,0.09387180327,1,369,0.0527549075,0.86220519,0.457149008,0.4142356062,0.09387180327,0.0413219366,0.09039052011,0.9629144958,324,0.0527549075,0.86220519,0.00348128316,0.0370855042,6.243465092,0.09387180327,539,369,31,0.5447510423,0.5260440111,0.4026340484,0.07132194048,0.8387616783,0.1612383217,1.267696681e-11,0.5032518323,0.4338900821,0.06285808559,6.243465092,0.09439856468,381,324,26,0.4062996178,0.559875039,0.3864228236,0.05370213742,0.8200572543,0.1799427457,0.4739474168,0.4539209863,0.07213159684,,0.9429522089,0.9429522089,0.89206204,0.05704779111,0.05704779108,369,369,6.243465092,6.243465092,1,1,0.004008044568,-1.367808644e-12,0.0005267614096,1.138888889,1.192307692,0.03383102789,0.02930441545,0.01870442397
San Antonio,507,2024-07-28 05:00:00,0.1698329055,0.1455310063,0.1430929955,0.02430189917,0.1430929955,1,563,0.02986680471,0.0393701,0.1698329055,0.1455310063,0.1430929955,0.02342123582,0.137907526,0.9637615419,482,0.02986680471,0.0393701,0.0051854695,0.0362384581,3.560331356,0.1441006397,729,563,60,0.4168052646,0.0626641629,0.7754486478,0.1618871893,0.9250457418,0.07495425819,3.933943927e-12,0.4323526948,0.4366922454,0.1309550598,3.560331357,0.1470736253,522,482,49,0.3025449878,0.1338324089,0.7337341109,0.1324334803,0.8991594948,0.1008405052,0.4450992679,0.4450491964,0.1098515357,,0.8529475186,0.8529475186,0.743599384,0.1470524814,0.1470524814,563,563,3.560331357,3.560331357,1,1,0.00916609931,0.00100764415,0.00297298566,1.168049793,1.224489796,0.07116824597,0.02110352406,0.02588624698
New York,101,2019-06-06 02:00:00,0.1381608698,0.1204755681,0.1280051421,0.01768530178,0.1280051421,1,1549,0.01875161061,0.1036745967,0.1381608698,0.1204755681,0.1280051421,0.01713856696,0.1240479086,0.9690853556,1390,0.01875161061,0.1036745967,0.0039572335,0.0309146444,9.423734096,0.1293600127,1944,1549,134,0.4921503834,0.6659722163,0.2912547978,0.04277298591,0.8328981618,0.1671018382,1.384472878e-11,0.4422407925,0.4890894224,0.06866978506,9.423734096,0.1308744357,1644,1390,127,0.4088570263,0.6616840304,0.2993929499,0.03892301971,0.7760369265,0.2085834961,0.4832827882,0.4461722302,0.07054498161,0.01537957742,0.9049388239,0.9049388239,0.8263819809,0.09506117607,0.09506117608,1549,1549,9.423734096,9.423734096,1,1,0.006826527131,0.001354870605,0.001514423026,1.114388489,1.05511811,0.008138152151,0.04291719225,0.05686123525
New York,122,2019-06-29 18:00:00,0.4169878714,0.3717146433,0.10857205,0.04527322804,0.10857205,1,1459,0.03686080824,0.04986879333,0.4169878714,0.3717146433,0.10857205,0.04391068105,0.1053044562,0.9699039135,1390,0.03686080824,0.04986879333,0.0032675938,0.0300960865,23.7154995,0.10857205,2083,1459,130,0.5189180609,0.649784675,0.3107389437,0.03947638132,0.7963219153,0.1972535556,0.006424529079,0.5025031582,0.4490673537,0.04842948804,23.7154995,0.1091253654,1644,1390,127,0.4088570263,0.6616840304,0.2993929499,0.03892301971,0.7760369265,0.2085834961,0.4832827882,0.4461722302,0.07054498161,0.01537957742,0.9506730482,0.9506730482,0.905983637,0.04932695182,0.04932695182,1459,1459,23.7154995,23.7154995,1,1,0.003820909191,3.911851398e-11,0.0005533153516,1.049640288,1.023622047,0.01189935534,0.02211549357,0.02028498876
New York,102,2019-06-10 12:00:00,0.3089764556,0.2744033364,0.1118956433,0.03457311928,0.1118956433,1,1460,0.0432816613,0.6207352433,0.3089764556,0.2744033364,0.1118956433,0.03355574592,0.108602922,0.9705732841,1390,0.0432816613,0.6207352433,0.0032927213,0.0294267159,18.11111689,0.1118956433,2006,1460,130,0.5003408399,0.649784675,0.3107389437,0.03947638133,0.7964195944,0.1971558765,0.006424529085,0.5025031582,0.4490545355,0.0484423063,18.11111689,0.1124700024,1644,1390,127,0.4088570263,0.6616840304,0.2993929499,0.03892301971,0.7760369265,0.2085834961,0.4832827882,0.4461722302,0.07054498161,0.01537957742,0.9505423532,0.9505423532,0.9057462739,0.04945764679,0.0494576468,1460,1460,18.11111689,18.11111689,1,1,0.003867080359,3.15646953e-11,0.0005743590278,1.050359712,1.023622047,0.01189935534,0.02210267532,0.02038266786
New York,103,2019-06-11 01:00:00,0.3539791125,0.3058296711,0.1360233972,0.04814944142,0.1360233972,1,1547,0.0432816613,0.00393701,0.3539791125,0.3058296711,0.1360233972,0.0470185982,0.1328287363,0.9765138869,1390,0.0432816613,0.00393701,0.0031946609,0.0234861131,25.59521297,0.1372506446,2045,1547,134,0.5183535214,0.6662414185,0.2911312317,0.04262734983,0.8223899668,0.1776100332,7.937332658e-12,0.4593379642,0.4758635425,0.06479849326,25.59521297,0.1387388113,1644,1390,127,0.4088570263,0.6616840304,0.2993929499,0.03892301971,0.7760369265,0.2085834961,0.4832827882,0.4461722302,0.07054498161,0.01537957742,0.9103726424,0.9103726424,0.8354898912,0.08962735759,0.0896273576,1547,1547,25.59521297,25.59521297,1,1,0.005910075014,0.001227247357,0.001488166757,1.11294964,1.05511811,0.008261718259,0.02969131237,0.04635304025
New York,110,2019-06-18 13:00:00,0.672594944,0.595564262,0.114527596,0.07703068199,0.114527596,1,1447,0.06813897394,0.80708705,0.672594944,0.595564262,0.114527596,0.07524688792,0.1118754885,0.9768430705,1390,0.06813897394,0.80708705,0.0026521075,0.0231569295,40.2881086,0.114527596,2073,1447,129,0.5179572285,0.6497670493,0.3107565694,0.03947638132,0.7917830372,0.2017924337,0.0064245291,0.4977909378,0.4517764439,0.05043261825,40.2881086,0.1149317815,1644,1390,127,0.4088570263,0.6616840304,0.2993929499,0.03892301971,0.7760369265,0.2085834961,0.4832827882,0.4461722302,0.07054498161,0.01537957742,0.960458173,0.960458173,0.9239245099,0.03954182698,0.03954182699,1447,1447,40.2881086,40.2881086,1,1,0.003056292976,-3.921132863e-11,0.0004041855152,1.041007194,1.015748031,0.01191698109,0.02011236337,0.0157461107
New York,123,2019-06-30 15:00:00,0.2729615004,0.241152528,0.1165328165,0.03180897243,0.1165328165,1,1445,0.02021357153,0.04724412,0.2729615004,0.241152528,0.1165328165,0.03115452011,0.1141352171,0.9794255436,1390,0.02021357153,0.04724412,0.0023975994,0.0205744564,16.62784393,0.1165328165,1920,1445,128,0.4802459684,0.6498535685,0.3106700502,0.03947638133,0.7940776983,0.1994977726,0.006424529084,0.4968246173,0.4491052269,0.05407015577,16.62784393,0.1168830136,1644,1390,127,0.4088570263,0.6616840304,0.2993929499,0.03892301971,0.7760369265,0.2085834961,0.4832827882,0.4461722302,0.07054498161,0.01537957742,0.9630360399,0.9630360399,0.9287073389,0.03696396006,0.03696396007,1445,1445,16.62784393,16.62784393,1,1,0.002747796523,-3.578970453e-11,0.0003501971593,1.039568345,1.007874016,0.01183046189,0.01647482584,0.01804077183
Dallas,58,2019-04-18 22:00:00,0.4339111185,0.3932770162,0.09364614235,0.04063410237,0.09364614235,1,217,0.03655756319,0.009842525,0.4339111185,0.3932770162,0.09364614235,0.03998690446,0.09215459745,0.9840725431,212,0.03655756319,0.009842525,0.0014915449,0.0159274569,5.281583299,0.09364614234,282,217,33,0.4466422617,0.8272853141,0.1500275088,0.02268717715,0.8913049209,0.1086950791,3.615857915e-12,0.6136512632,0.3711377135,0.01521102332,5.281583299,0.09411835137,232,212,33,0.3315792645,0.8179115496,0.1594012733,0.02268717715,0.8631466646,0.1368533354,0.601196038,0.3856797957,0.01312416629,,0.9340034923,0.9340034922,0.8761787543,0.06599650774,0.06599650777,217,217,5.281583299,5.281583299,1,1,0.001963753916,-5.081088328e-12,0.0004722090215,1.023584906,1,0.009373764512,0.01454208224,0.0281582563
Dallas,62,2019-04-28 01:00:00,0.1708659535,0.1556481349,0.08906290776,0.01521781866,0.08906290776,1,216,0.01786907333,0.053149635,0.1708659535,0.1556481349,0.08906290776,0.01515896027,0.08871843664,0.9961322717,212,0.01786907333,0.053149635,0.00034447112,0.0038677283,1.973000234,0.08906290776,269,216,33,0.422629735,0.825745453,0.1515673699,0.02268717715,0.8872304622,0.1127695378,7.250144023e-12,0.6032214588,0.3815675179,0.01521102333,1.973000234,0.08928583376,232,212,33,0.3315792645,0.8179115496,0.1594012733,0.02268717715,0.8631466646,0.1368533354,0.601196038,0.3856797957,0.01312416629,,0.9599200602,0.9599200602,0.9229291168,0.0400799398,0.0400799398,216,216,1.973000234,1.973000234,1,1,0.0005673971211,3.096092827e-12,0.000222925998,1.018867925,1,0.007833903398,0.004112277842,0.02408379757
Dallas,56,2019-04-18 02:00:00,0.4273576317,0.3910745264,0.08490103523,0.03628310535,0.08490103523,1,215,0.04562321539,0.171259935,0.4273576317,0.3910745264,0.08490103523,0.0362506982,0.08482520378,0.9991068253,212,0.04562321539,0.171259935,7.583145e-05,0.0008931747,4.69474522,0.08490103523,283,215,33,0.4487910668,0.8168211914,0.1604916315,0.02268717715,0.8728747944,0.1271252056,2.021319675e-12,0.601196038,0.3856797957,0.01312416629,4.69474522,0.08494376777,232,212,33,0.3315792645,0.8179115496,0.1594012733,0.02268717715,0.8631466646,0.1368533354,0.601196038,0.3856797957,0.01312416629,,0.9893320292,0.9893320292,0.978889267,0.01066797085,0.01066797084,215,215,4.69474522,4.69474522,1,1,0.0001185639869,-1.144709327e-12,4.273253809e-05,1.014150943,1,0.001090358226,4.155495392e-12,0.009728129773
Dallas,55,2019-04-17 11:00:00,0.6297233168,0.5893344889,0.06413741853,0.04038882793,0.06413741853,1,212,0.04385983862,0.01574804,0.6297233168,0.5893344889,0.06413741853,0.04038882793,0.06413741853,1,212,0.04385983862,0.01574804,0,0,5.223364031,0.06413741853,264,212,33,0.4125999597,0.8179115496,0.1594012733,0.02268717715,0.8631466646,0.1368533354,4.506053464e-12,0.601196038,0.3856797957,0.01312416629,5.223364031,0.06413741853,232,212,33,0.3315792645,0.8179115496,0.1594012733,0.02268717715,0.8631466646,0.1368533354,0.601196038,0.3856797957,0.01312416629,,1,0.9999999999,0.9999999999,4.621538679e-11,5.005743021e-11,212,212,5.223364031,5.223364031,1,1,-2.100125629e-13,-1.272801309e-12,1.062788746e-12,1,1,1.187144827e-11,4.306795372e-12,8.573706823e-12
Dallas,57,2019-04-18 12:00:00,0.5691464883,0.5336756321,0.06232289383,0.03547085616,0.06232289383,1,212,0.04057741584,0.09448824,0.5691464883,0.5336756321,0.06232289383,0.03547085616,0.06232289383,1,212,0.04057741584,0.09448824,0,0,4.58733773,0.06232289382,280,212,33,0.4461656763,0.8179115496,0.1594012733,0.02268717715,0.8631466646,0.1368533354,6.043272891e-12,0.601196038,0.3856797957,0.01312416629,4.58733773,0.06232289383,232,212,33,0.3315792645,0.8179115496,0.1594012733,0.02268717715,0.8631466646,0.1368533354,0.601196038,0.3856797957,0.01312416629,,1,1,0.9999999999,3.674894387e-11,2.962177388e-11,212,212,4.58733773,4.58733773,1,1,-2.659997222e-12,-5.33062483e-12,2.670627608e-12,1,1,6.43097034e-12,7.140338668e-13,1.363511876e-11
Dallas,59,2019-04-23 19:00:00,0.6307852175,0.5893509343,0.06568683295,0.04143428321,0.06568683295,1,212,0.06215555493,2.210631115,0.6307852175,0.5893509343,0.06568683295,0.04143428321,0.06568683295,1,212,0.06215555493,2.210631115,0,0,5.358569577,0.06568683295,270,212,33,0.425653294,0.8179115496,0.1594012733,0.02268717715,0.8631466646,0.1368533354,2.115793546e-12,0.601196038,0.3856797957,0.01312416629,5.358569577,0.06568683295,232,212,33,0.3315792645,0.8179115496,0.1594012733,0.02268717715,0.8631466646,0.1368533354,0.601196038,0.3856797957,0.01312416629,,0.9999999999,0.9999999999,0.9999999999,5.05279692e-11,5.199650678e-11,212,212,5.358569577,5.358569577,1,1,2.740002669e-12,1.158462215e-12,1.581540454e-12,1,1,2.402708241e-12,2.38999185e-12,5.801088723e-12
Dallas,60,2019-04-24 11:00:00,0.6434381403,0.5968577639,0.07239293644,0.0465803764,0.07239293644,1,212,0.06215555493,0.041338605,0.6434381403,0.5968577639,0.07239293644,0.0465803764,0.07239293644,1,212,0.06215555493,0.041338605,0,0,6.024098126,0.07239293644,290,212,33,0.4652634116,0.8179115496,0.1594012733,0.02268717715,0.8631466646,0.1368533354,7.636624975e-12,0.601196038,0.3856797957,0.01312416629,6.024098126,0.07239293644,232,212,33,0.3315792645,0.8179115496,0.1594012733,0.02268717715,0.8631466646,0.1368533354,0.601196038,0.3856797957,0.01312416629,,1,1,0.9999999999,3.026996623e-11,4.546429297e-11,212,212,6.024098126,6.024098126,1,1,1.329991672e-12,1.354791279e-12,-2.479960681e-14,1,1,1.903941588e-11,2.878359877e-12,1.960496225e-11
Dallas,61,2019-04-24 15:00:00,0.6946419693,0.6530232001,0.05991398588,0.04161876914,0.05991398588,1,212,0.06215555493,0.352362395,0.6946419693,0.6530232001,0.05991398588,0.04161876914,0.05991398588,1,212,0.06215555493,0.352362395,0,0,5.38242858,0.05991398588,266,212,33,0.4170165014,0.8179115496,0.1594012733,0.02268717715,0.8631466646,0.1368533354,4.807497562e-12,0.601196038,0.3856797957,0.01312416629,5.38242858,0.05991398588,232,212,33,0.3315792645,0.8179115496,0.1594012733,0.02268717715,0.8631466646,0.1368533354,0.601196038,0.3856797957,0.01312416629,,1,0.9999999999,0.9999999999,4.061137297e-11,5.219604647e-11,212,212,5.38242858,5.38242858,1,1,2.980005132e-12,2.402383847e-13,2.739766747e-12,1,1,4.670654488e-12,1.49411386e-12,1.069876623e-11
Dallas,63,2019-04-28 09:00:00,0.3377999703,0.3128027442,0.07400008392,0.02499722615,0.07400008392,1,212,0.02141410712,0.005905515,0.3377999703,0.3128027442,0.07400008392,0.02499722615,0.07400008392,1,212,0.02141410712,0.005905515,0,0,3.232815079,0.07400008392,249,212,33,0.3772144151,0.8179115496,0.1594012733,0.02268717715,0.8631466646,0.1368533354,9.260089988e-12,0.601196038,0.3856797957,0.01312416629,3.232815079,0.07400008392,232,212,33,0.3315792645,0.8179115496,0.1594012733,0.02268717715,0.8631466646,0.1368533354,0.601196038,0.3856797957,0.01312416629,,1,0.9999999999,0.9999999999,3.98940752e-11,7.798792707e-11,212,212,3.232815079,3.232815079,1,1,3.990002773e-12,3.611222432e-12,3.787803404e-13,1,1,1.044803133e-12,6.0554773e-13,9.260021951e-12
Dallas,64,2019-04-30 18:00:00,0.6216910488,0.5875805947,0.05486721131,0.03411045415,0.05486721131,1,212,0.05493827201,0.005905515,0.6216910488,0.5875805947,0.05486721131,0.03411045415,0.05486721131,1,212,0.05493827201,0.005905515,0,0,4.411401083,0.05486721131,272,212,33,0.4298764315,0.8179115496,0.1594012733,0.02268717715,0.8631466646,0.1368533354,3.05779975e-12,0.601196038,0.3856797957,0.01312416629,4.411401083,0.05486721131,232,212,33,0.3315792645,0.8179115496,0.1594012733,0.02268717715,0.8631466646,0.1368533354,0.601196038,0.3856797957,0.01312416629,,1,1,0.9999999999,4.654690807e-11,2.790329985e-11,212,212,4.411401083,4.411401083,1,1,6.000061559e-13,-6.649819584e-13,1.264988114e-12,1,1,4.501350681e-12,1.475904468e-12,1.478725262e-11
